[
{
  "model": "auth.user",
  "fields": {
    "password": "pbkdf2_sha256$1000000$uRzVR4TJxnFGcv9BABUO1B$CyW9wHjwW5yAU0BGDkhQ3QVLnM6IcHpR30/Q5NExxvs=",
    "last_login": "2025-05-20T06:06:08.064Z",
    "is_superuser": true,
    "username": "admin",
    "first_name": "",
    "last_name": "",
    "email": "shin@sk-tokyo.net",
    "is_staff": true,
    "is_active": true,
    "date_joined": "2025-03-31T12:11:50.866Z",
    "groups": [],
    "user_permissions": []
  }
},
{
  "model": "auth.user",
  "fields": {
    "password": "!XPbsdX7BkMOiaw4TZJ3N6zOzaoQK0DmiRtfl2UFp",
    "last_login": null,
    "is_superuser": false,
    "username": "hasegawa",
    "first_name": "",
    "last_name": "",
    "email": "",
    "is_staff": false,
    "is_active": true,
    "date_joined": "2025-03-31T12:27:05.018Z",
    "groups": [],
    "user_permissions": []
  }
},
{
  "model": "auth.user",
  "fields": {
    "password": "!FiR4V8JJs7wuXxpIlQse9MG01nyE1C5St0rugUR4",
    "last_login": null,
    "is_superuser": false,
    "username": "takeuchi",
    "first_name": "",
    "last_name": "",
    "email": "",
    "is_staff": false,
    "is_active": true,
    "date_joined": "2025-03-31T12:27:09.440Z",
    "groups": [],
    "user_permissions": []
  }
},
{
  "model": "auth.user",
  "fields": {
    "password": "!s7Gv5ImkNMRVmIIAgL0LgfGOHXKO3mTGz7fa3GP3",
    "last_login": null,
    "is_superuser": false,
    "username": "tanaka",
    "first_name": "",
    "last_name": "",
    "email": "",
    "is_staff": false,
    "is_active": true,
    "date_joined": "2025-03-31T12:27:14.193Z",
    "groups": [],
    "user_permissions": []
  }
},
{
  "model": "auth.user",
  "fields": {
    "password": "!j1mq5ZEpWeLLX208irnEZWh8gxPxHeshj9pYe8Fy",
    "last_login": null,
    "is_superuser": false,
    "username": "miyazaki",
    "first_name": "",
    "last_name": "",
    "email": "",
    "is_staff": false,
    "is_active": true,
    "date_joined": "2025-03-31T12:27:18Z",
    "groups": [],
    "user_permissions": []
  }
},
{
  "model": "auth.user",
  "fields": {
    "password": "pbkdf2_sha256$1000000$7wvz0b2dIY1vtccidkobvC$9gH2xbbNKz5bH6+ryqCn3qnnKCSDMHN9vxPKffpMj2o=",
    "last_login": "2025-04-25T04:23:11.632Z",
    "is_superuser": false,
    "username": "sample-hogenosuke",
    "first_name": "さんぷる",
    "last_name": "ほげみち",
    "email": "",
    "is_staff": false,
    "is_active": true,
    "date_joined": "2025-04-25T04:09:51Z",
    "groups": [],
    "user_permissions": []
  }
},
{
  "model": "auth.user",
  "fields": {
    "password": "pbkdf2_sha256$1000000$12tagh1rmXRA31HHvETaT0$/2VbjUgQZKr2wa4rPmUVI1Xj6T6vHj2wgAIQ6H6SEGE=",
    "last_login": "2025-05-14T12:19:41.229Z",
    "is_superuser": false,
    "username": "fkshin.004.iei",
    "first_name": "",
    "last_name": "",
    "email": "fkshin.004.iei@gmail.com",
    "is_staff": false,
    "is_active": true,
    "date_joined": "2025-04-30T02:59:11.447Z",
    "groups": [],
    "user_permissions": []
  }
},
{
  "model": "auth.user",
  "fields": {
    "password": "pbkdf2_sha256$1000000$exTNGRaO3cEntynJVMmuXO$Ixdw8AANXkqtvwlhPJPXSBE1ZU0BDokqRF/TZcpTg5c=",
    "last_login": null,
    "is_superuser": false,
    "username": "fkshin.004.iei+1205",
    "first_name": "",
    "last_name": "",
    "email": "fkshin.004.iei+1205@gmail.com",
    "is_staff": false,
    "is_active": true,
    "date_joined": "2025-04-30T03:06:00.262Z",
    "groups": [],
    "user_permissions": []
  }
},
{
  "model": "auth.user",
  "fields": {
    "password": "pbkdf2_sha256$1000000$scsDi40n3gyu5NkTYc5njr$yrQXfDQs80/OfJnhrTKXr/dcCnpvhoJ0/vqzptkOYK0=",
    "last_login": "2025-04-30T03:09:26.631Z",
    "is_superuser": false,
    "username": "fkshin.004.iei+1208",
    "first_name": "",
    "last_name": "",
    "email": "fkshin.004.iei+1208@gmail.com",
    "is_staff": false,
    "is_active": true,
    "date_joined": "2025-04-30T03:08:51.616Z",
    "groups": [],
    "user_permissions": []
  }
},
{
  "model": "auth.user",
  "fields": {
    "password": "pbkdf2_sha256$1000000$HWUaWt0tdrg3i3jZlfG3YP$zs+ulSdQxoN//stF+YDmqEaxJra/DK0016aq4qBYdSU=",
    "last_login": "2025-04-30T03:21:22.663Z",
    "is_superuser": false,
    "username": "fkshin.004.iei+1220",
    "first_name": "",
    "last_name": "",
    "email": "fkshin.004.iei+1220@gmail.com",
    "is_staff": false,
    "is_active": true,
    "date_joined": "2025-04-30T03:20:47.240Z",
    "groups": [],
    "user_permissions": []
  }
},
{
  "model": "auth.user",
  "fields": {
    "password": "pbkdf2_sha256$1000000$mal4wplTblh55praEdRBQQ$mnt8vymFdcH8/S1zhkql57fg9ViWTFHLFXOoGI3R3fY=",
    "last_login": "2025-04-30T03:24:43.302Z",
    "is_superuser": false,
    "username": "fkshin.004.iei+1224",
    "first_name": "",
    "last_name": "",
    "email": "fkshin.004.iei+1224@gmail.com",
    "is_staff": false,
    "is_active": true,
    "date_joined": "2025-04-30T03:24:34.454Z",
    "groups": [],
    "user_permissions": []
  }
},
{
  "model": "auth.user",
  "fields": {
    "password": "pbkdf2_sha256$1000000$HGLzNYV8J92tI9ndhXW8Vq$r2Gf30+1AeLrhQbH5GREUNMN7hEQOh7Q2m1w2uw/z6g=",
    "last_login": "2025-04-30T03:37:09.173Z",
    "is_superuser": false,
    "username": "fkshin.004.iei+1236",
    "first_name": "",
    "last_name": "",
    "email": "fkshin.004.iei+1236@gmail.com",
    "is_staff": false,
    "is_active": true,
    "date_joined": "2025-04-30T03:37:00.043Z",
    "groups": [],
    "user_permissions": []
  }
},
{
  "model": "auth.user",
  "fields": {
    "password": "pbkdf2_sha256$1000000$1EQQ4xqOIOHchYhDedrTrG$pSTdFYF8lUESQ156eUFchqtWdfvSsdHMRrgIWxBRArw=",
    "last_login": "2025-04-30T08:36:44.464Z",
    "is_superuser": false,
    "username": "fkshin.004.iei+1736",
    "first_name": "",
    "last_name": "",
    "email": "fkshin.004.iei+1736@gmail.com",
    "is_staff": false,
    "is_active": true,
    "date_joined": "2025-04-30T08:36:38.977Z",
    "groups": [],
    "user_permissions": []
  }
},
{
  "model": "auth.user",
  "fields": {
    "password": "pbkdf2_sha256$1000000$51k7Bp8mlfaJO4QbJan3OF$z3m5bzRjc1XhtuTS/xBEuKyTkUDLUbuJk8qleb8Kkm0=",
    "last_login": "2025-04-30T08:49:44.529Z",
    "is_superuser": false,
    "username": "fkshin.004.iei+1749",
    "first_name": "",
    "last_name": "",
    "email": "fkshin.004.iei+1749@gmail.com",
    "is_staff": false,
    "is_active": true,
    "date_joined": "2025-04-30T08:49:40.229Z",
    "groups": [],
    "user_permissions": []
  }
},
{
  "model": "auth.user",
  "fields": {
    "password": "pbkdf2_sha256$1000000$dOt2MBdyKxx90o72KrF37N$YWA6ilzJ71uR7vhY3Z1W7oXrf7Ah/7PYAcW72JeEBMg=",
    "last_login": "2025-04-30T08:57:08.749Z",
    "is_superuser": false,
    "username": "fkshin.004.iei+1756",
    "first_name": "",
    "last_name": "",
    "email": "fkshin.004.iei+1756@gmail.com",
    "is_staff": false,
    "is_active": true,
    "date_joined": "2025-04-30T08:57:04.302Z",
    "groups": [],
    "user_permissions": []
  }
},
{
  "model": "auth.user",
  "fields": {
    "password": "pbkdf2_sha256$1000000$j7W6tH4l8aeSJv4h5oWyQA$+4Ev8xia85jOe0TnNf01cqk3r7Qm33zYuJFHL2/xSFU=",
    "last_login": "2025-04-30T09:04:36.934Z",
    "is_superuser": false,
    "username": "fkshin.004.iei+1804",
    "first_name": "",
    "last_name": "",
    "email": "fkshin.004.iei+1804@gmail.com",
    "is_staff": false,
    "is_active": true,
    "date_joined": "2025-04-30T09:04:22.688Z",
    "groups": [],
    "user_permissions": []
  }
},
{
  "model": "auth.user",
  "fields": {
    "password": "pbkdf2_sha256$1000000$cUdv8OefrgiBhbyBEVsli6$wRAEyyQuynAjpxziugzNOlwDAVgiQTTBd8jJpg6gOQg=",
    "last_login": "2025-04-30T09:08:14.447Z",
    "is_superuser": false,
    "username": "fkshin.004.iei+1807",
    "first_name": "",
    "last_name": "",
    "email": "fkshin.004.iei+1807@gmail.com",
    "is_staff": false,
    "is_active": true,
    "date_joined": "2025-04-30T09:08:04.797Z",
    "groups": [],
    "user_permissions": []
  }
},
{
  "model": "auth.user",
  "fields": {
    "password": "pbkdf2_sha256$1000000$vv0PtxNUAkU6BspUBwccaU$nklxlQFSW0dG96boWxKzIrMbZP0hqWGfMlsciZ541OQ=",
    "last_login": "2025-04-30T09:15:42.532Z",
    "is_superuser": false,
    "username": "fkshin.004.iei+1815",
    "first_name": "",
    "last_name": "",
    "email": "fkshin.004.iei+1815@gmail.com",
    "is_staff": false,
    "is_active": true,
    "date_joined": "2025-04-30T09:15:37.565Z",
    "groups": [],
    "user_permissions": []
  }
},
{
  "model": "auth.user",
  "fields": {
    "password": "pbkdf2_sha256$1000000$Hn2Cczkth2by4gz7KtChxi$IJTBXsOo5TIGyibskwgFnI6eYDtJr61XifPTHbTx1u8=",
    "last_login": "2025-04-30T09:22:52.340Z",
    "is_superuser": false,
    "username": "fkshin.004.iei+1822",
    "first_name": "",
    "last_name": "",
    "email": "fkshin.004.iei+1822@gmail.com",
    "is_staff": false,
    "is_active": true,
    "date_joined": "2025-04-30T09:22:47.135Z",
    "groups": [],
    "user_permissions": []
  }
},
{
  "model": "auth.user",
  "fields": {
    "password": "pbkdf2_sha256$1000000$3KW1H3hJfdkloWtSrrtie3$WOXp039VKFaO9LhxHh2MjdZUtoPBbnEazzTBCA+D0MU=",
    "last_login": "2025-04-30T09:25:54.314Z",
    "is_superuser": false,
    "username": "fkshin.004.iei+1825",
    "first_name": "",
    "last_name": "",
    "email": "fkshin.004.iei+1825@gmail.com",
    "is_staff": false,
    "is_active": true,
    "date_joined": "2025-04-30T09:25:50.181Z",
    "groups": [],
    "user_permissions": []
  }
},
{
  "model": "auth.user",
  "fields": {
    "password": "pbkdf2_sha256$1000000$3vSIZtqPA44ZjR6Ec0qheE$t+wvFmYj+ndK1JHVdrU8FZoSoaIHzzw0FylhjmpWMls=",
    "last_login": "2025-04-30T09:27:49.763Z",
    "is_superuser": false,
    "username": "fkshin.004.iei+1827",
    "first_name": "",
    "last_name": "",
    "email": "fkshin.004.iei+1827@gmail.com",
    "is_staff": false,
    "is_active": true,
    "date_joined": "2025-04-30T09:27:41.928Z",
    "groups": [],
    "user_permissions": []
  }
},
{
  "model": "auth.user",
  "fields": {
    "password": "pbkdf2_sha256$1000000$h028N7ytjSQDld182cJ6Wi$Aqoc2Y+0ACp1LkL+CkR05vDbZW3R/0N89orY2XSxz+M=",
    "last_login": "2025-04-30T10:22:50.671Z",
    "is_superuser": false,
    "username": "fkshin.004.iei+1922",
    "first_name": "",
    "last_name": "",
    "email": "fkshin.004.iei+1922@gmail.com",
    "is_staff": false,
    "is_active": true,
    "date_joined": "2025-04-30T10:22:45.667Z",
    "groups": [],
    "user_permissions": []
  }
},
{
  "model": "auth.user",
  "fields": {
    "password": "pbkdf2_sha256$1000000$me8WdHma8p8Aemg1n8nZYp$3VshOGoRVCGqxofQxbukhoL1MI8UCh4pZbQd/prhuDQ=",
    "last_login": "2025-04-30T10:25:36.776Z",
    "is_superuser": false,
    "username": "fkshin.004.iei+1925",
    "first_name": "",
    "last_name": "",
    "email": "fkshin.004.iei+1925@gmail.com",
    "is_staff": false,
    "is_active": true,
    "date_joined": "2025-04-30T10:25:31.244Z",
    "groups": [],
    "user_permissions": []
  }
},
{
  "model": "auth.user",
  "fields": {
    "password": "pbkdf2_sha256$1000000$UrwOZgD5c9yTBUppEBuKkJ$TRgKByZc9UJCQ+M3VJqZeXtWUDda6JcDx3YOw8S4Ajo=",
    "last_login": "2025-04-30T10:33:22.561Z",
    "is_superuser": false,
    "username": "fkshin.004.iei+1933",
    "first_name": "",
    "last_name": "",
    "email": "fkshin.004.iei+1933@gmail.com",
    "is_staff": false,
    "is_active": true,
    "date_joined": "2025-04-30T10:33:13.525Z",
    "groups": [],
    "user_permissions": []
  }
},
{
  "model": "auth.user",
  "fields": {
    "password": "pbkdf2_sha256$1000000$YAZVAQwXNqUQBj5SM5reBh$J6LX1H6pJwSf0tavjuvHL3mq4/gpYcj721jk6kTVfdA=",
    "last_login": "2025-04-30T10:34:25.952Z",
    "is_superuser": false,
    "username": "fkshin.004.iei+1934",
    "first_name": "",
    "last_name": "",
    "email": "fkshin.004.iei+1934@gmail.com",
    "is_staff": false,
    "is_active": true,
    "date_joined": "2025-04-30T10:34:20.917Z",
    "groups": [],
    "user_permissions": []
  }
},
{
  "model": "auth.user",
  "fields": {
    "password": "pbkdf2_sha256$1000000$TBblWMVsqRHfcK15VBKrmj$0+xK9dqUpbT24mTouPo4PzfAjhwkmWkt9Ja0ACXQBDk=",
    "last_login": "2025-05-14T07:31:46.693Z",
    "is_superuser": false,
    "username": "fkshin.004.iei+1631",
    "first_name": "",
    "last_name": "",
    "email": "fkshin.004.iei+1631@gmail.com",
    "is_staff": false,
    "is_active": true,
    "date_joined": "2025-05-14T07:31:29.154Z",
    "groups": [],
    "user_permissions": []
  }
},
{
  "model": "auth.user",
  "fields": {
    "password": "pbkdf2_sha256$1000000$f1s19d1HUyX0xlXTcWoY1a$G3dQWVOiyVR9qiYBSmd4CAXwcZjLafooFcYhvo6F9Dc=",
    "last_login": null,
    "is_superuser": false,
    "username": "fkshin.004.iei+1635",
    "first_name": "",
    "last_name": "",
    "email": "fkshin.004.iei+1635@gmail.com",
    "is_staff": false,
    "is_active": true,
    "date_joined": "2025-05-14T07:35:31.313Z",
    "groups": [],
    "user_permissions": []
  }
},
{
  "model": "auth.user",
  "fields": {
    "password": "pbkdf2_sha256$1000000$kpOUHFxf2W7qpy1j36orMI$1dKpER4utmHP5W+UYYMrhvwzi6sGI3bHobozH/P98A4=",
    "last_login": "2025-05-14T07:38:25.695Z",
    "is_superuser": false,
    "username": "fkshin.004.iei+1638",
    "first_name": "",
    "last_name": "",
    "email": "fkshin.004.iei+1638@gmail.com",
    "is_staff": false,
    "is_active": true,
    "date_joined": "2025-05-14T07:38:14.323Z",
    "groups": [],
    "user_permissions": []
  }
},
{
  "model": "sessions.session",
  "pk": "d2fpg2j1d3epul9mxc255wdk90s3uetv",
  "fields": {
    "session_data": ".eJxVjMsOwiAQRf-FtSHlMRRcuvcbyMAMUjU0Ke3K-O_apAvd3nPOfYmI21rj1nmJE4mzUOL0uyXMD247oDu22yzz3NZlSnJX5EG7vM7Ez8vh_h1U7PVbF_DBmqyM80Yn5lFDgeCcHkJgZRI4CxowOURfwJANgyGmQjQyQNbi_QG_-jeJ:1uHG76:N4FykS3CuOHYrBGkOPRiepswgn1SLbJi6W0fvIwa-ZU",
    "expire_date": "2025-06-03T06:06:08.066Z"
  }
},
{
  "model": "sessions.session",
  "pk": "l9c69tx2be62fqsiugtrg7t3cj1qv58w",
  "fields": {
    "session_data": ".eJxVjMsOgyAURP-FdWNQHgV39UfI5XKJpBQThW6a_nu1ceNyzsycDwPEpZXq3rSmmCg4ekHKbCwt5xtz0Ors2karS4GNbFDsAj3gk8rRQM4H7k5f99-c9dY99kSlJoSaljKdr4tqhm3ePZYrLYXwFHtJeJd22I0IobdCiKiNUcFrJUAJayUaThoHRA7Re2l45Oz7A7CfSA8:1uA4ll:ngFf4BKzEUg3nqPl9B7ZnTNLBksfIizwt7qs7RRk03s",
    "expire_date": "2025-05-14T10:34:25.954Z"
  }
},
{
  "model": "sessions.session",
  "pk": "np72oevtd60lrm8cp8t52q4w9qbz898d",
  "fields": {
    "session_data": ".eJxVkMFugzAMht_F5w4FSpKG4-57gmlCxnEKa0kQDtqmqu8-svXSm-X_82fpvwESpS3mHrc8cswTYZ5S7GfOY_IC3fsN_mfoYEGRr7R6OABm6Grbaq1b5-rKNKfG6gNswmvEmXdYcF6u_DKmM8ck24Xh_nGAvz99wfqpKA087QakC8cS-E-M51RRinmdhqog1SOV6i15vr4-2CfBiDLu19hioGDUYGtyDToMpg1H1QQmrp2x2vIu04qU3wswbFtqTtp7NajgjqSKVFikVMHfy7T-QKfuv6IUZhQ:1u8Aal:AcQd83By8sfQFAoudNOl6c7oVv1XtSYY4a1Od-vixr4",
    "expire_date": "2025-05-09T04:23:11.635Z"
  }
},
{
  "model": "sessions.session",
  "pk": "o88x59lq5cvp3c5tov425ditam9aefoy",
  "fields": {
    "session_data": ".eJxVjMsOwiAQRf-FtSHlMRRcuvcbyMAMUjU0Ke3K-O_apAvd3nPOfYmI21rj1nmJE4mzUOL0uyXMD247oDu22yzz3NZlSnJX5EG7vM7Ez8vh_h1U7PVbF_DBmqyM80Yn5lFDgeCcHkJgZRI4CxowOURfwJANgyGmQjQyQNbi_QG_-jeJ:1u4sI6:Ft0rB4na9bSk_8sgJDLtv7KYRBgI3ZbIwxTWYY8Zx7Y",
    "expire_date": "2025-04-30T02:14:18.157Z"
  }
},
{
  "model": "sessions.session",
  "pk": "ucutvzcam3t6u0erte9b5l6ikdajrgcp",
  "fields": {
    "session_data": ".eJxVjMsOwiAQRf-FtSHlMRRcuvcbyMAMUjU0Ke3K-O_apAvd3nPOfYmI21rj1nmJE4mzUOL0uyXMD247oDu22yzz3NZlSnJX5EG7vM7Ez8vh_h1U7PVbF_DBmqyM80Yn5lFDgeCcHkJgZRI4CxowOURfwJANgyGmQjQyQNbi_QG_-jeJ:1u4x94:x-6EKXfrHmFQt9rG_nijBen253sWdx1gnjtUq-USyMY",
    "expire_date": "2025-04-30T07:25:18.913Z"
  }
},
{
  "model": "sessions.session",
  "pk": "zicnocuqe732xi1k1zyp88jzhanbrqz0",
  "fields": {
    "session_data": ".eJxVjE0OwiAYBe_C2hCgINSl-56BfD8gVQNJaVfGu2uTLnT7Zua9RIRtLXHraYkzi4vQ4vS7IdAj1R3wHeqtSWp1XWaUuyIP2uXUOD2vh_t3UKCXbw1gGUNwbIbgCYP1Hq3SDrUfvTYDkWXwAc6K0pidzRmyIsWDISI2Qbw_5QU4XA:1tzDzs:g6kyRXeev9cWFqvL2KUt5PBnrVZ98K8b976D-iZ-c1I",
    "expire_date": "2025-04-14T12:12:08.685Z"
  }
},
{
  "model": "account.emailaddress",
  "pk": 1,
  "fields": {
    "user": [
      "fkshin.004.iei"
    ],
    "email": "fkshin.004.iei@gmail.com",
    "verified": true,
    "primary": true
  }
},
{
  "model": "account.emailaddress",
  "pk": 2,
  "fields": {
    "user": [
      "fkshin.004.iei+1205"
    ],
    "email": "fkshin.004.iei+1205@gmail.com",
    "verified": false,
    "primary": true
  }
},
{
  "model": "account.emailaddress",
  "pk": 3,
  "fields": {
    "user": [
      "fkshin.004.iei+1208"
    ],
    "email": "fkshin.004.iei+1208@gmail.com",
    "verified": true,
    "primary": true
  }
},
{
  "model": "account.emailaddress",
  "pk": 4,
  "fields": {
    "user": [
      "fkshin.004.iei+1220"
    ],
    "email": "fkshin.004.iei+1220@gmail.com",
    "verified": true,
    "primary": true
  }
},
{
  "model": "account.emailaddress",
  "pk": 5,
  "fields": {
    "user": [
      "fkshin.004.iei+1224"
    ],
    "email": "fkshin.004.iei+1224@gmail.com",
    "verified": true,
    "primary": true
  }
},
{
  "model": "account.emailaddress",
  "pk": 6,
  "fields": {
    "user": [
      "fkshin.004.iei+1236"
    ],
    "email": "fkshin.004.iei+1236@gmail.com",
    "verified": true,
    "primary": true
  }
},
{
  "model": "account.emailaddress",
  "pk": 7,
  "fields": {
    "user": [
      "fkshin.004.iei+1736"
    ],
    "email": "fkshin.004.iei+1736@gmail.com",
    "verified": true,
    "primary": true
  }
},
{
  "model": "account.emailaddress",
  "pk": 8,
  "fields": {
    "user": [
      "fkshin.004.iei+1749"
    ],
    "email": "fkshin.004.iei+1749@gmail.com",
    "verified": true,
    "primary": true
  }
},
{
  "model": "account.emailaddress",
  "pk": 9,
  "fields": {
    "user": [
      "fkshin.004.iei+1756"
    ],
    "email": "fkshin.004.iei+1756@gmail.com",
    "verified": true,
    "primary": true
  }
},
{
  "model": "account.emailaddress",
  "pk": 10,
  "fields": {
    "user": [
      "fkshin.004.iei+1804"
    ],
    "email": "fkshin.004.iei+1804@gmail.com",
    "verified": true,
    "primary": true
  }
},
{
  "model": "account.emailaddress",
  "pk": 11,
  "fields": {
    "user": [
      "fkshin.004.iei+1807"
    ],
    "email": "fkshin.004.iei+1807@gmail.com",
    "verified": true,
    "primary": true
  }
},
{
  "model": "account.emailaddress",
  "pk": 12,
  "fields": {
    "user": [
      "fkshin.004.iei+1815"
    ],
    "email": "fkshin.004.iei+1815@gmail.com",
    "verified": true,
    "primary": true
  }
},
{
  "model": "account.emailaddress",
  "pk": 13,
  "fields": {
    "user": [
      "fkshin.004.iei+1822"
    ],
    "email": "fkshin.004.iei+1822@gmail.com",
    "verified": true,
    "primary": true
  }
},
{
  "model": "account.emailaddress",
  "pk": 14,
  "fields": {
    "user": [
      "fkshin.004.iei+1825"
    ],
    "email": "fkshin.004.iei+1825@gmail.com",
    "verified": true,
    "primary": true
  }
},
{
  "model": "account.emailaddress",
  "pk": 15,
  "fields": {
    "user": [
      "fkshin.004.iei+1827"
    ],
    "email": "fkshin.004.iei+1827@gmail.com",
    "verified": true,
    "primary": true
  }
},
{
  "model": "account.emailaddress",
  "pk": 16,
  "fields": {
    "user": [
      "fkshin.004.iei+1922"
    ],
    "email": "fkshin.004.iei+1922@gmail.com",
    "verified": true,
    "primary": true
  }
},
{
  "model": "account.emailaddress",
  "pk": 17,
  "fields": {
    "user": [
      "fkshin.004.iei+1925"
    ],
    "email": "fkshin.004.iei+1925@gmail.com",
    "verified": true,
    "primary": true
  }
},
{
  "model": "account.emailaddress",
  "pk": 18,
  "fields": {
    "user": [
      "fkshin.004.iei+1933"
    ],
    "email": "fkshin.004.iei+1933@gmail.com",
    "verified": true,
    "primary": true
  }
},
{
  "model": "account.emailaddress",
  "pk": 19,
  "fields": {
    "user": [
      "fkshin.004.iei+1934"
    ],
    "email": "fkshin.004.iei+1934@gmail.com",
    "verified": true,
    "primary": true
  }
},
{
  "model": "account.emailaddress",
  "pk": 20,
  "fields": {
    "user": [
      "fkshin.004.iei+1631"
    ],
    "email": "fkshin.004.iei+1631@gmail.com",
    "verified": true,
    "primary": true
  }
},
{
  "model": "account.emailaddress",
  "pk": 21,
  "fields": {
    "user": [
      "fkshin.004.iei+1635"
    ],
    "email": "fkshin.004.iei+1635@gmail.com",
    "verified": false,
    "primary": true
  }
},
{
  "model": "account.emailaddress",
  "pk": 22,
  "fields": {
    "user": [
      "fkshin.004.iei+1638"
    ],
    "email": "fkshin.004.iei+1638@gmail.com",
    "verified": true,
    "primary": true
  }
},
{
  "model": "core.userprofile",
  "pk": 1,
  "fields": {
    "user": [
      "hasegawa"
    ],
    "bio": "はじめまして！長谷川です。プロフィールを見ていただきありがとうございます。まだ慣れてないんですが、いろいろお話しできたら嬉しいです。よろしくお願いします！",
    "profile_image": "01-01_IMG_4147_s.jpg",
    "nickname": "あいちゃん",
    "blood_type": "A",
    "gender": "female",
    "sexual_object_pref": null,
    "plan": "free",
    "lciq_score": null,
    "lciq_image": "",
    "plan_expiry": null,
    "option_expiry": null,
    "date_of_birth": null,
    "main_area": "立川",
    "latitude": 35.7134355,
    "longitude": 139.4080089
  }
},
{
  "model": "core.userprofile",
  "pk": 2,
  "fields": {
    "user": [
      "takeuchi"
    ],
    "bio": "はじめまして、○○です。プロフィールを見てくださってありがとうございます。おしゃべりするの大好きなので、いろいろお話できたら嬉しいです。仲良くしていただけたら嬉しいです！よろしくお願いします。",
    "profile_image": "005.jpg",
    "nickname": "ゆめ",
    "blood_type": "A",
    "gender": "female",
    "sexual_object_pref": null,
    "plan": "free",
    "lciq_score": null,
    "lciq_image": "",
    "plan_expiry": null,
    "option_expiry": null,
    "date_of_birth": null,
    "main_area": "六本木",
    "latitude": 35.6618586,
    "longitude": 139.7345469
  }
},
{
  "model": "core.userprofile",
  "pk": 3,
  "fields": {
    "user": [
      "tanaka"
    ],
    "bio": "",
    "profile_image": "",
    "nickname": "たなか",
    "blood_type": "B",
    "gender": "female",
    "sexual_object_pref": "male",
    "plan": "free",
    "lciq_score": null,
    "lciq_image": "",
    "plan_expiry": null,
    "option_expiry": null,
    "date_of_birth": null,
    "main_area": null,
    "latitude": null,
    "longitude": null
  }
},
{
  "model": "core.userprofile",
  "pk": 4,
  "fields": {
    "user": [
      "miyazaki"
    ],
    "bio": "よろしくお願いします！",
    "profile_image": "_0505_0148_.jpg",
    "nickname": "あみさ",
    "blood_type": "AB",
    "gender": "female",
    "sexual_object_pref": "male",
    "plan": "free",
    "lciq_score": null,
    "lciq_image": "",
    "plan_expiry": null,
    "option_expiry": null,
    "date_of_birth": "2002-10-28",
    "main_area": "高円寺",
    "latitude": 35.7078984,
    "longitude": 139.6464845
  }
},
{
  "model": "core.userprofile",
  "pk": 5,
  "fields": {
    "user": [
      "admin"
    ],
    "bio": "フロントエンドエンジニア / 29歳🏃‍♂️\r\n◾️登山（月１ペース） ◾️サウナ（ととのい派） ◾️読書（村上春樹多め）\r\n一緒にアウトドアか本屋巡りしてくれる方、大歓迎です！",
    "profile_image": "nikumangorilla.png",
    "nickname": "ニクマンゴリラ",
    "blood_type": null,
    "gender": null,
    "sexual_object_pref": null,
    "plan": "standard",
    "lciq_score": null,
    "lciq_image": "",
    "plan_expiry": "2025-06-30T12:11:45Z",
    "option_expiry": "2025-06-21T04:33:23Z",
    "date_of_birth": null,
    "main_area": "立川",
    "latitude": 35.7134355,
    "longitude": 139.4080089
  }
},
{
  "model": "core.userprofile",
  "pk": 6,
  "fields": {
    "user": [
      "sample-hogenosuke"
    ],
    "bio": "",
    "profile_image": "",
    "nickname": "さんぷるほげみち",
    "blood_type": null,
    "gender": "female",
    "sexual_object_pref": null,
    "plan": "free",
    "lciq_score": null,
    "lciq_image": "",
    "plan_expiry": null,
    "option_expiry": null,
    "date_of_birth": null,
    "main_area": null,
    "latitude": null,
    "longitude": null
  }
},
{
  "model": "core.userprofile",
  "pk": 7,
  "fields": {
    "user": [
      "fkshin.004.iei"
    ],
    "bio": null,
    "profile_image": "",
    "nickname": null,
    "blood_type": null,
    "gender": "male",
    "sexual_object_pref": null,
    "plan": "free",
    "lciq_score": null,
    "lciq_image": "",
    "plan_expiry": null,
    "option_expiry": null,
    "date_of_birth": null,
    "main_area": "東京都",
    "latitude": null,
    "longitude": null
  }
},
{
  "model": "core.userprofile",
  "pk": 8,
  "fields": {
    "user": [
      "fkshin.004.iei+1205"
    ],
    "bio": null,
    "profile_image": "",
    "nickname": null,
    "blood_type": null,
    "gender": "male",
    "sexual_object_pref": null,
    "plan": "free",
    "lciq_score": null,
    "lciq_image": "",
    "plan_expiry": null,
    "option_expiry": null,
    "date_of_birth": null,
    "main_area": "東京都",
    "latitude": null,
    "longitude": null
  }
},
{
  "model": "core.userprofile",
  "pk": 9,
  "fields": {
    "user": [
      "fkshin.004.iei+1208"
    ],
    "bio": null,
    "profile_image": "",
    "nickname": null,
    "blood_type": null,
    "gender": "male",
    "sexual_object_pref": null,
    "plan": "free",
    "lciq_score": null,
    "lciq_image": "",
    "plan_expiry": null,
    "option_expiry": null,
    "date_of_birth": null,
    "main_area": "東京都",
    "latitude": null,
    "longitude": null
  }
},
{
  "model": "core.userprofile",
  "pk": 10,
  "fields": {
    "user": [
      "fkshin.004.iei+1220"
    ],
    "bio": null,
    "profile_image": "",
    "nickname": null,
    "blood_type": null,
    "gender": "male",
    "sexual_object_pref": null,
    "plan": "free",
    "lciq_score": null,
    "lciq_image": "",
    "plan_expiry": null,
    "option_expiry": null,
    "date_of_birth": null,
    "main_area": "東京都",
    "latitude": null,
    "longitude": null
  }
},
{
  "model": "core.userprofile",
  "pk": 11,
  "fields": {
    "user": [
      "fkshin.004.iei+1224"
    ],
    "bio": null,
    "profile_image": "",
    "nickname": null,
    "blood_type": null,
    "gender": "male",
    "sexual_object_pref": null,
    "plan": "free",
    "lciq_score": null,
    "lciq_image": "",
    "plan_expiry": null,
    "option_expiry": null,
    "date_of_birth": null,
    "main_area": "東京都",
    "latitude": null,
    "longitude": null
  }
},
{
  "model": "core.userprofile",
  "pk": 12,
  "fields": {
    "user": [
      "fkshin.004.iei+1236"
    ],
    "bio": null,
    "profile_image": "",
    "nickname": null,
    "blood_type": null,
    "gender": "male",
    "sexual_object_pref": null,
    "plan": "free",
    "lciq_score": null,
    "lciq_image": "",
    "plan_expiry": null,
    "option_expiry": null,
    "date_of_birth": null,
    "main_area": "東京都",
    "latitude": null,
    "longitude": null
  }
},
{
  "model": "core.userprofile",
  "pk": 13,
  "fields": {
    "user": [
      "fkshin.004.iei+1736"
    ],
    "bio": null,
    "profile_image": "",
    "nickname": null,
    "blood_type": null,
    "gender": "male",
    "sexual_object_pref": null,
    "plan": "free",
    "lciq_score": null,
    "lciq_image": "",
    "plan_expiry": null,
    "option_expiry": null,
    "date_of_birth": null,
    "main_area": "東京都",
    "latitude": null,
    "longitude": null
  }
},
{
  "model": "core.userprofile",
  "pk": 14,
  "fields": {
    "user": [
      "fkshin.004.iei+1749"
    ],
    "bio": null,
    "profile_image": "",
    "nickname": null,
    "blood_type": null,
    "gender": "male",
    "sexual_object_pref": null,
    "plan": "free",
    "lciq_score": null,
    "lciq_image": "",
    "plan_expiry": null,
    "option_expiry": null,
    "date_of_birth": null,
    "main_area": "東京都",
    "latitude": null,
    "longitude": null
  }
},
{
  "model": "core.userprofile",
  "pk": 15,
  "fields": {
    "user": [
      "fkshin.004.iei+1756"
    ],
    "bio": null,
    "profile_image": "",
    "nickname": null,
    "blood_type": null,
    "gender": "male",
    "sexual_object_pref": null,
    "plan": "free",
    "lciq_score": null,
    "lciq_image": "",
    "plan_expiry": null,
    "option_expiry": null,
    "date_of_birth": null,
    "main_area": "東京都",
    "latitude": null,
    "longitude": null
  }
},
{
  "model": "core.userprofile",
  "pk": 16,
  "fields": {
    "user": [
      "fkshin.004.iei+1804"
    ],
    "bio": null,
    "profile_image": "",
    "nickname": null,
    "blood_type": null,
    "gender": "male",
    "sexual_object_pref": null,
    "plan": "free",
    "lciq_score": null,
    "lciq_image": "",
    "plan_expiry": null,
    "option_expiry": null,
    "date_of_birth": null,
    "main_area": "東京都",
    "latitude": null,
    "longitude": null
  }
},
{
  "model": "core.userprofile",
  "pk": 17,
  "fields": {
    "user": [
      "fkshin.004.iei+1807"
    ],
    "bio": null,
    "profile_image": "",
    "nickname": null,
    "blood_type": null,
    "gender": "male",
    "sexual_object_pref": null,
    "plan": "free",
    "lciq_score": null,
    "lciq_image": "",
    "plan_expiry": null,
    "option_expiry": null,
    "date_of_birth": null,
    "main_area": "東京都",
    "latitude": null,
    "longitude": null
  }
},
{
  "model": "core.userprofile",
  "pk": 18,
  "fields": {
    "user": [
      "fkshin.004.iei+1815"
    ],
    "bio": null,
    "profile_image": "",
    "nickname": null,
    "blood_type": null,
    "gender": "male",
    "sexual_object_pref": null,
    "plan": "free",
    "lciq_score": null,
    "lciq_image": "",
    "plan_expiry": null,
    "option_expiry": null,
    "date_of_birth": null,
    "main_area": "東京都",
    "latitude": null,
    "longitude": null
  }
},
{
  "model": "core.userprofile",
  "pk": 19,
  "fields": {
    "user": [
      "fkshin.004.iei+1822"
    ],
    "bio": null,
    "profile_image": "",
    "nickname": null,
    "blood_type": null,
    "gender": "male",
    "sexual_object_pref": null,
    "plan": "free",
    "lciq_score": null,
    "lciq_image": "",
    "plan_expiry": null,
    "option_expiry": null,
    "date_of_birth": null,
    "main_area": "東京都",
    "latitude": null,
    "longitude": null
  }
},
{
  "model": "core.userprofile",
  "pk": 20,
  "fields": {
    "user": [
      "fkshin.004.iei+1825"
    ],
    "bio": null,
    "profile_image": "",
    "nickname": null,
    "blood_type": null,
    "gender": "male",
    "sexual_object_pref": null,
    "plan": "free",
    "lciq_score": null,
    "lciq_image": "",
    "plan_expiry": null,
    "option_expiry": null,
    "date_of_birth": null,
    "main_area": "東京都",
    "latitude": null,
    "longitude": null
  }
},
{
  "model": "core.userprofile",
  "pk": 21,
  "fields": {
    "user": [
      "fkshin.004.iei+1827"
    ],
    "bio": null,
    "profile_image": "",
    "nickname": null,
    "blood_type": null,
    "gender": "male",
    "sexual_object_pref": null,
    "plan": "free",
    "lciq_score": null,
    "lciq_image": "",
    "plan_expiry": null,
    "option_expiry": null,
    "date_of_birth": null,
    "main_area": "東京都",
    "latitude": null,
    "longitude": null
  }
},
{
  "model": "core.userprofile",
  "pk": 22,
  "fields": {
    "user": [
      "fkshin.004.iei+1922"
    ],
    "bio": null,
    "profile_image": "",
    "nickname": "スーパーマリオ",
    "blood_type": null,
    "gender": "male",
    "sexual_object_pref": "female",
    "plan": "free",
    "lciq_score": null,
    "lciq_image": "",
    "plan_expiry": null,
    "option_expiry": null,
    "date_of_birth": null,
    "main_area": "東京都",
    "latitude": null,
    "longitude": null
  }
},
{
  "model": "core.userprofile",
  "pk": 23,
  "fields": {
    "user": [
      "fkshin.004.iei+1925"
    ],
    "bio": null,
    "profile_image": "",
    "nickname": "ぐっどまん",
    "blood_type": null,
    "gender": "male",
    "sexual_object_pref": "female",
    "plan": "free",
    "lciq_score": null,
    "lciq_image": "",
    "plan_expiry": null,
    "option_expiry": null,
    "date_of_birth": null,
    "main_area": "東京都",
    "latitude": null,
    "longitude": null
  }
},
{
  "model": "core.userprofile",
  "pk": 24,
  "fields": {
    "user": [
      "fkshin.004.iei+1933"
    ],
    "bio": null,
    "profile_image": "",
    "nickname": "いくささ",
    "blood_type": null,
    "gender": "male",
    "sexual_object_pref": "female",
    "plan": "free",
    "lciq_score": null,
    "lciq_image": "",
    "plan_expiry": null,
    "option_expiry": null,
    "date_of_birth": null,
    "main_area": "東京都",
    "latitude": null,
    "longitude": null
  }
},
{
  "model": "core.userprofile",
  "pk": 25,
  "fields": {
    "user": [
      "fkshin.004.iei+1934"
    ],
    "bio": null,
    "profile_image": "",
    "nickname": "いくさし",
    "blood_type": null,
    "gender": "male",
    "sexual_object_pref": "female",
    "plan": "free",
    "lciq_score": null,
    "lciq_image": "",
    "plan_expiry": null,
    "option_expiry": null,
    "date_of_birth": null,
    "main_area": "東京都",
    "latitude": null,
    "longitude": null
  }
},
{
  "model": "core.userprofile",
  "pk": 26,
  "fields": {
    "user": [
      "fkshin.004.iei+1631"
    ],
    "bio": null,
    "profile_image": "",
    "nickname": "hoge1631",
    "blood_type": null,
    "gender": "male",
    "sexual_object_pref": "female",
    "plan": "free",
    "lciq_score": null,
    "lciq_image": "",
    "plan_expiry": null,
    "option_expiry": null,
    "date_of_birth": null,
    "main_area": "立川",
    "latitude": null,
    "longitude": null
  }
},
{
  "model": "core.userprofile",
  "pk": 27,
  "fields": {
    "user": [
      "fkshin.004.iei+1635"
    ],
    "bio": null,
    "profile_image": "",
    "nickname": "hoge1635",
    "blood_type": null,
    "gender": "male",
    "sexual_object_pref": "female",
    "plan": "free",
    "lciq_score": null,
    "lciq_image": "",
    "plan_expiry": null,
    "option_expiry": null,
    "date_of_birth": null,
    "main_area": "東京都",
    "latitude": null,
    "longitude": null
  }
},
{
  "model": "core.userprofile",
  "pk": 28,
  "fields": {
    "user": [
      "fkshin.004.iei+1638"
    ],
    "bio": null,
    "profile_image": "",
    "nickname": "hoge1638",
    "blood_type": null,
    "gender": "male",
    "sexual_object_pref": "female",
    "plan": "free",
    "lciq_score": null,
    "lciq_image": "",
    "plan_expiry": null,
    "option_expiry": null,
    "date_of_birth": null,
    "main_area": "調布",
    "latitude": null,
    "longitude": null
  }
},
{
  "model": "core.profilefield",
  "pk": 1,
  "fields": {
    "field_key": "age",
    "field_label": "年齢",
    "field_type": "radio",
    "field_choices": "10代\r\n20代\r\n30代\r\n40代\r\n50代以上",
    "category": "normal",
    "required": false
  }
},
{
  "model": "core.profilefield",
  "pk": 2,
  "fields": {
    "field_key": "adress",
    "field_label": "居住地",
    "field_type": "radio",
    "field_choices": "北海道・東北\r\n関東\r\n中部\r\n近畿\r\n中国・四国\r\n九州・沖縄",
    "category": "normal",
    "required": false
  }
},
{
  "model": "core.profilefield",
  "pk": 3,
  "fields": {
    "field_key": "job",
    "field_label": "職業",
    "field_type": "radio",
    "field_choices": "学生\r\n会社員\r\n公務員\r\n自営業\r\nフリーランス\r\n専業主婦（主夫）\r\nその他",
    "category": "normal",
    "required": false
  }
},
{
  "model": "core.profilefield",
  "pk": 4,
  "fields": {
    "field_key": "academic",
    "field_label": "学歴",
    "field_type": "radio",
    "field_choices": "高校卒\r\n短大／専門卒\r\n大学卒\r\n大学院卒\r\nその他",
    "category": "normal",
    "required": false
  }
},
{
  "model": "core.profilefield",
  "pk": 5,
  "fields": {
    "field_key": "dayoff",
    "field_label": "休日の過ごし方",
    "field_type": "radio",
    "field_choices": "家でゆっくり\r\nアウトドア・旅行\r\nショッピング\r\n友人と会う\r\nその他",
    "category": "normal",
    "required": false
  }
},
{
  "model": "core.profilefield",
  "pk": 6,
  "fields": {
    "field_key": "hobby",
    "field_label": "趣味",
    "field_type": "checkbox",
    "field_choices": "映画・音楽鑑賞\r\nスポーツ\r\n読書\r\nゲーム\r\n旅行\r\nその他",
    "category": "normal",
    "required": false
  }
},
{
  "model": "core.profilefield",
  "pk": 8,
  "fields": {
    "field_key": "off",
    "field_label": "休日",
    "field_type": "radio",
    "field_choices": "土日祝日\r\n土日のみ\r\n不定期",
    "category": "normal",
    "required": false
  }
},
{
  "model": "core.profilefield",
  "pk": 9,
  "fields": {
    "field_key": "aftermatch",
    "field_label": "マッチ後は",
    "field_type": "radio",
    "field_choices": "すぐに会いたい\r\nメッセージで話したい\r\n電話したい",
    "category": "normal",
    "required": false
  }
},
{
  "model": "core.profilefield",
  "pk": 10,
  "fields": {
    "field_key": "sex_role",
    "field_label": "S？M？",
    "field_type": "radio",
    "field_choices": "S\r\nM",
    "category": "plus",
    "required": false
  }
},
{
  "model": "core.profilefield",
  "pk": 11,
  "fields": {
    "field_key": "love_style",
    "field_label": "恋愛スタイル",
    "field_type": "radio",
    "field_choices": "一途\r\n自由\r\n依存",
    "category": "plus",
    "required": false
  }
},
{
  "model": "core.profilefield",
  "pk": 12,
  "fields": {
    "field_key": "relation_goal",
    "field_label": "もとめる関係",
    "field_type": "radio",
    "field_choices": "真剣交際\r\n友達以上\r\n今は未定",
    "category": "plus",
    "required": false
  }
},
{
  "model": "core.profilefield",
  "pk": 13,
  "fields": {
    "field_key": "kink_level",
    "field_label": "性的嗜好レベル",
    "field_type": "radio",
    "field_choices": "ノーマル\r\nちょい攻め\r\nハード",
    "category": "plus",
    "required": false
  }
},
{
  "model": "core.profilefieldvalue",
  "pk": 1,
  "fields": {
    "user_profile": 5,
    "field": 1,
    "value": "30代"
  }
},
{
  "model": "core.profilefieldvalue",
  "pk": 2,
  "fields": {
    "user_profile": 5,
    "field": 2,
    "value": "関東"
  }
},
{
  "model": "core.profilefieldvalue",
  "pk": 3,
  "fields": {
    "user_profile": 5,
    "field": 3,
    "value": ""
  }
},
{
  "model": "core.profilefieldvalue",
  "pk": 4,
  "fields": {
    "user_profile": 5,
    "field": 4,
    "value": ""
  }
},
{
  "model": "core.profilefieldvalue",
  "pk": 5,
  "fields": {
    "user_profile": 5,
    "field": 5,
    "value": ""
  }
},
{
  "model": "core.profilefieldvalue",
  "pk": 6,
  "fields": {
    "user_profile": 5,
    "field": 6,
    "value": ""
  }
},
{
  "model": "core.profilefieldvalue",
  "pk": 8,
  "fields": {
    "user_profile": 1,
    "field": 1,
    "value": "30代"
  }
},
{
  "model": "core.profilefieldvalue",
  "pk": 9,
  "fields": {
    "user_profile": 1,
    "field": 2,
    "value": "関東"
  }
},
{
  "model": "core.profilefieldvalue",
  "pk": 10,
  "fields": {
    "user_profile": 1,
    "field": 3,
    "value": "会社員"
  }
},
{
  "model": "core.profilefieldvalue",
  "pk": 11,
  "fields": {
    "user_profile": 1,
    "field": 5,
    "value": "家でゆっくり"
  }
},
{
  "model": "core.profilefieldvalue",
  "pk": 12,
  "fields": {
    "user_profile": 1,
    "field": 4,
    "value": "大学卒"
  }
},
{
  "model": "core.profilefieldvalue",
  "pk": 13,
  "fields": {
    "user_profile": 1,
    "field": 9,
    "value": "すぐに会いたい"
  }
},
{
  "model": "core.profilefieldvalue",
  "pk": 14,
  "fields": {
    "user_profile": 1,
    "field": 8,
    "value": "土日"
  }
},
{
  "model": "core.profilefieldvalue",
  "pk": 16,
  "fields": {
    "user_profile": 1,
    "field": 10,
    "value": "S"
  }
},
{
  "model": "core.profilefieldvalue",
  "pk": 17,
  "fields": {
    "user_profile": 1,
    "field": 11,
    "value": "依存"
  }
},
{
  "model": "core.profilefieldvalue",
  "pk": 18,
  "fields": {
    "user_profile": 1,
    "field": 12,
    "value": "友達以上"
  }
},
{
  "model": "core.profilefieldvalue",
  "pk": 19,
  "fields": {
    "user_profile": 1,
    "field": 13,
    "value": "ハード"
  }
},
{
  "model": "core.profilefieldvalue",
  "pk": 20,
  "fields": {
    "user_profile": 4,
    "field": 1,
    "value": "20代"
  }
},
{
  "model": "core.profilefieldvalue",
  "pk": 21,
  "fields": {
    "user_profile": 4,
    "field": 2,
    "value": "大泉学園"
  }
},
{
  "model": "core.profilefieldvalue",
  "pk": 22,
  "fields": {
    "user_profile": 4,
    "field": 3,
    "value": "モデル"
  }
},
{
  "model": "core.profilefieldvalue",
  "pk": 23,
  "fields": {
    "user_profile": 4,
    "field": 4,
    "value": "大卒"
  }
},
{
  "model": "core.profilefieldvalue",
  "pk": 24,
  "fields": {
    "user_profile": 4,
    "field": 10,
    "value": "S"
  }
},
{
  "model": "core.profilefieldvalue",
  "pk": 25,
  "fields": {
    "user_profile": 5,
    "field": 8,
    "value": ""
  }
},
{
  "model": "core.profilefieldvalue",
  "pk": 26,
  "fields": {
    "user_profile": 5,
    "field": 9,
    "value": ""
  }
},
{
  "model": "core.profilefieldvalue",
  "pk": 27,
  "fields": {
    "user_profile": 5,
    "field": 10,
    "value": ""
  }
},
{
  "model": "core.profilefieldvalue",
  "pk": 28,
  "fields": {
    "user_profile": 5,
    "field": 11,
    "value": ""
  }
},
{
  "model": "core.profilefieldvalue",
  "pk": 29,
  "fields": {
    "user_profile": 5,
    "field": 12,
    "value": ""
  }
},
{
  "model": "core.profilefieldvalue",
  "pk": 30,
  "fields": {
    "user_profile": 5,
    "field": 13,
    "value": ""
  }
},
{
  "model": "core.match",
  "pk": 6,
  "fields": {
    "from_user": [
      "hasegawa"
    ],
    "to_user": [
      "admin"
    ],
    "status": "matched",
    "created_at": "2025-03-31T12:42:27.905Z"
  }
},
{
  "model": "core.match",
  "pk": 7,
  "fields": {
    "from_user": [
      "admin"
    ],
    "to_user": [
      "hasegawa"
    ],
    "status": "matched",
    "created_at": "2025-03-31T12:42:35.255Z"
  }
},
{
  "model": "core.match",
  "pk": 8,
  "fields": {
    "from_user": [
      "admin"
    ],
    "to_user": [
      "takeuchi"
    ],
    "status": "matched",
    "created_at": "2025-04-02T09:49:07.147Z"
  }
},
{
  "model": "core.match",
  "pk": 9,
  "fields": {
    "from_user": [
      "takeuchi"
    ],
    "to_user": [
      "admin"
    ],
    "status": "matched",
    "created_at": "2025-04-02T09:49:13.491Z"
  }
},
{
  "model": "core.match",
  "pk": 10,
  "fields": {
    "from_user": [
      "admin"
    ],
    "to_user": [
      "tanaka"
    ],
    "status": "like",
    "created_at": "2025-04-21T04:39:36.500Z"
  }
},
{
  "model": "core.match",
  "pk": 11,
  "fields": {
    "from_user": [
      "miyazaki"
    ],
    "to_user": [
      "admin"
    ],
    "status": "like",
    "created_at": "2025-04-21T05:01:08.450Z"
  }
},
{
  "model": "core.match",
  "pk": 12,
  "fields": {
    "from_user": [
      "sample-hogenosuke"
    ],
    "to_user": [
      "admin"
    ],
    "status": "matched",
    "created_at": "2025-04-25T04:11:02.369Z"
  }
},
{
  "model": "core.message",
  "pk": 1,
  "fields": {
    "sender": [
      "admin"
    ],
    "receiver": [
      "sample-hogenosuke"
    ],
    "text": "よろしくお願いします！",
    "created_at": "2025-04-25T04:24:07.691Z"
  }
},
{
  "model": "core.message",
  "pk": 2,
  "fields": {
    "sender": [
      "sample-hogenosuke"
    ],
    "receiver": [
      "admin"
    ],
    "text": "こちらこそよろしくお願いします！",
    "created_at": "2025-04-25T04:24:32.192Z"
  }
},
{
  "model": "core.message",
  "pk": 3,
  "fields": {
    "sender": [
      "admin"
    ],
    "receiver": [
      "sample-hogenosuke"
    ],
    "text": "さいこうだぜ！",
    "created_at": "2025-04-25T05:44:00.172Z"
  }
},
{
  "model": "core.message",
  "pk": 4,
  "fields": {
    "sender": [
      "sample-hogenosuke"
    ],
    "receiver": [
      "admin"
    ],
    "text": "ロードせずに入らないか？",
    "created_at": "2025-04-25T05:44:29.537Z"
  }
},
{
  "model": "core.message",
  "pk": 5,
  "fields": {
    "sender": [
      "admin"
    ],
    "receiver": [
      "sample-hogenosuke"
    ],
    "text": "どうだ！ロードせずにはいるか！？",
    "created_at": "2025-04-25T05:54:21.379Z"
  }
},
{
  "model": "core.message",
  "pk": 6,
  "fields": {
    "sender": [
      "sample-hogenosuke"
    ],
    "receiver": [
      "admin"
    ],
    "text": "これでロードせずに入るはずなんだけど",
    "created_at": "2025-04-25T05:54:42.170Z"
  }
},
{
  "model": "core.message",
  "pk": 7,
  "fields": {
    "sender": [
      "admin"
    ],
    "receiver": [
      "sample-hogenosuke"
    ],
    "text": "よしよし、いい感じ",
    "created_at": "2025-04-25T05:54:51.639Z"
  }
},
{
  "model": "core.message",
  "pk": 8,
  "fields": {
    "sender": [
      "sample-hogenosuke"
    ],
    "receiver": [
      "admin"
    ],
    "text": "これで通知が入ればかんせい！",
    "created_at": "2025-04-25T06:18:05.566Z"
  }
},
{
  "model": "core.message",
  "pk": 9,
  "fields": {
    "sender": [
      "sample-hogenosuke"
    ],
    "receiver": [
      "admin"
    ],
    "text": "これでどうだ！",
    "created_at": "2025-04-25T06:24:56.958Z"
  }
},
{
  "model": "core.footprint",
  "pk": 1,
  "fields": {
    "from_user": [
      "admin"
    ],
    "to_user": [
      "miyazaki"
    ],
    "created_at": "2025-04-01T01:49:30.544Z"
  }
},
{
  "model": "core.footprint",
  "pk": 2,
  "fields": {
    "from_user": [
      "miyazaki"
    ],
    "to_user": [
      "admin"
    ],
    "created_at": "2025-04-01T01:52:36.879Z"
  }
},
{
  "model": "core.footprint",
  "pk": 3,
  "fields": {
    "from_user": [
      "hasegawa"
    ],
    "to_user": [
      "admin"
    ],
    "created_at": "2025-04-21T02:34:25.319Z"
  }
},
{
  "model": "core.footprint",
  "pk": 4,
  "fields": {
    "from_user": [
      "admin"
    ],
    "to_user": [
      "hasegawa"
    ],
    "created_at": "2025-04-21T03:10:11.211Z"
  }
},
{
  "model": "core.footprint",
  "pk": 5,
  "fields": {
    "from_user": [
      "fkshin.004.iei+1208"
    ],
    "to_user": [
      "hasegawa"
    ],
    "created_at": "2025-04-30T03:16:03.288Z"
  }
},
{
  "model": "core.footprint",
  "pk": 6,
  "fields": {
    "from_user": [
      "admin"
    ],
    "to_user": [
      "takeuchi"
    ],
    "created_at": "2025-05-15T01:00:35.410Z"
  }
},
{
  "model": "payments.payment",
  "pk": 3,
  "fields": {
    "user": [
      "admin"
    ],
    "plan": "standard_1m",
    "option": null,
    "purchased_at": "2025-04-01T03:38:46Z"
  }
},
{
  "model": "payments.payment",
  "pk": 4,
  "fields": {
    "user": [
      "admin"
    ],
    "plan": "standard_3m",
    "option": null,
    "purchased_at": "2025-04-01T12:11:45.528Z"
  }
},
{
  "model": "payments.planoption",
  "pk": 1,
  "fields": {
    "category": "plan",
    "code": "standard_1m",
    "name": "スタンダード1ヶ月プラン",
    "base_days": 30,
    "extra_days": 0
  }
},
{
  "model": "payments.planoption",
  "pk": 2,
  "fields": {
    "category": "plan",
    "code": "standard_3m",
    "name": "スタンダード3ヶ月プラン",
    "base_days": 90,
    "extra_days": 0
  }
},
{
  "model": "payments.planoption",
  "pk": 3,
  "fields": {
    "category": "plan",
    "code": "standard_6m",
    "name": "スタンダード6ヶ月プラン",
    "base_days": 180,
    "extra_days": 0
  }
},
{
  "model": "payments.planoption",
  "pk": 4,
  "fields": {
    "category": "plan",
    "code": "standard_12m",
    "name": "スタンダード12ヶ月プラン",
    "base_days": 365,
    "extra_days": 0
  }
},
{
  "model": "payments.planoption",
  "pk": 5,
  "fields": {
    "category": "option",
    "code": "plus_profile",
    "name": "プラスプロフィール",
    "base_days": 30,
    "extra_days": 0
  }
},
{
  "model": "notifications.notification",
  "pk": 1,
  "fields": {
    "user": [
      "admin"
    ],
    "content_type": [
      "core",
      "message"
    ],
    "object_id": 8,
    "verb": "message",
    "text": "sample-hogenosuke から新着メッセージ",
    "created_at": "2025-04-25T06:18:05.570Z",
    "is_read": true
  }
},
{
  "model": "notifications.notification",
  "pk": 2,
  "fields": {
    "user": [
      "admin"
    ],
    "content_type": [
      "core",
      "message"
    ],
    "object_id": 9,
    "verb": "message",
    "text": "sample-hogenosuke から新着メッセージ",
    "created_at": "2025-04-25T06:24:56.960Z",
    "is_read": true
  }
},
{
  "model": "admin.logentry",
  "pk": 1,
  "fields": {
    "action_time": "2025-03-31T12:27:05.022Z",
    "user": [
      "admin"
    ],
    "content_type": [
      "auth",
      "user"
    ],
    "object_id": "2",
    "object_repr": "hasegawa",
    "action_flag": 1,
    "change_message": "[{\"added\": {}}]"
  }
},
{
  "model": "admin.logentry",
  "pk": 2,
  "fields": {
    "action_time": "2025-03-31T12:27:09.448Z",
    "user": [
      "admin"
    ],
    "content_type": [
      "auth",
      "user"
    ],
    "object_id": "3",
    "object_repr": "takeuchi",
    "action_flag": 1,
    "change_message": "[{\"added\": {}}]"
  }
},
{
  "model": "admin.logentry",
  "pk": 3,
  "fields": {
    "action_time": "2025-03-31T12:27:14.199Z",
    "user": [
      "admin"
    ],
    "content_type": [
      "auth",
      "user"
    ],
    "object_id": "4",
    "object_repr": "tanaka",
    "action_flag": 1,
    "change_message": "[{\"added\": {}}]"
  }
},
{
  "model": "admin.logentry",
  "pk": 4,
  "fields": {
    "action_time": "2025-03-31T12:27:18.048Z",
    "user": [
      "admin"
    ],
    "content_type": [
      "auth",
      "user"
    ],
    "object_id": "5",
    "object_repr": "suzuki",
    "action_flag": 1,
    "change_message": "[{\"added\": {}}]"
  }
},
{
  "model": "admin.logentry",
  "pk": 5,
  "fields": {
    "action_time": "2025-03-31T12:27:30.522Z",
    "user": [
      "admin"
    ],
    "content_type": [
      "core",
      "match"
    ],
    "object_id": "1",
    "object_repr": "admin -> hasegawa (like)",
    "action_flag": 1,
    "change_message": "[{\"added\": {}}]"
  }
},
{
  "model": "admin.logentry",
  "pk": 6,
  "fields": {
    "action_time": "2025-03-31T12:34:25.589Z",
    "user": [
      "admin"
    ],
    "content_type": [
      "core",
      "match"
    ],
    "object_id": "2",
    "object_repr": "hasegawa -> admin (like)",
    "action_flag": 1,
    "change_message": "[{\"added\": {}}]"
  }
},
{
  "model": "admin.logentry",
  "pk": 7,
  "fields": {
    "action_time": "2025-03-31T12:41:54.556Z",
    "user": [
      "admin"
    ],
    "content_type": [
      "core",
      "match"
    ],
    "object_id": "5",
    "object_repr": "takeuchi -> admin (like)",
    "action_flag": 1,
    "change_message": "[{\"added\": {}}]"
  }
},
{
  "model": "admin.logentry",
  "pk": 8,
  "fields": {
    "action_time": "2025-03-31T12:42:22.266Z",
    "user": [
      "admin"
    ],
    "content_type": [
      "core",
      "match"
    ],
    "object_id": "5",
    "object_repr": "takeuchi -> admin (like)",
    "action_flag": 3,
    "change_message": ""
  }
},
{
  "model": "admin.logentry",
  "pk": 9,
  "fields": {
    "action_time": "2025-03-31T12:42:22.266Z",
    "user": [
      "admin"
    ],
    "content_type": [
      "core",
      "match"
    ],
    "object_id": "4",
    "object_repr": "admin -> takeuchi (like)",
    "action_flag": 3,
    "change_message": ""
  }
},
{
  "model": "admin.logentry",
  "pk": 10,
  "fields": {
    "action_time": "2025-03-31T12:42:22.266Z",
    "user": [
      "admin"
    ],
    "content_type": [
      "core",
      "match"
    ],
    "object_id": "3",
    "object_repr": "admin -> hasegawa (matched)",
    "action_flag": 3,
    "change_message": ""
  }
},
{
  "model": "admin.logentry",
  "pk": 11,
  "fields": {
    "action_time": "2025-03-31T12:42:22.266Z",
    "user": [
      "admin"
    ],
    "content_type": [
      "core",
      "match"
    ],
    "object_id": "2",
    "object_repr": "hasegawa -> admin (matched)",
    "action_flag": 3,
    "change_message": ""
  }
},
{
  "model": "admin.logentry",
  "pk": 12,
  "fields": {
    "action_time": "2025-03-31T12:42:22.266Z",
    "user": [
      "admin"
    ],
    "content_type": [
      "core",
      "match"
    ],
    "object_id": "1",
    "object_repr": "admin -> hasegawa (like)",
    "action_flag": 3,
    "change_message": ""
  }
},
{
  "model": "admin.logentry",
  "pk": 13,
  "fields": {
    "action_time": "2025-03-31T12:42:27.906Z",
    "user": [
      "admin"
    ],
    "content_type": [
      "core",
      "match"
    ],
    "object_id": "6",
    "object_repr": "hasegawa -> admin (like)",
    "action_flag": 1,
    "change_message": "[{\"added\": {}}]"
  }
},
{
  "model": "admin.logentry",
  "pk": 14,
  "fields": {
    "action_time": "2025-03-31T13:12:48.126Z",
    "user": [
      "admin"
    ],
    "content_type": [
      "core",
      "userprofile"
    ],
    "object_id": "1",
    "object_repr": "hasegawa",
    "action_flag": 2,
    "change_message": "[{\"changed\": {\"fields\": [\"Blood type\"]}}]"
  }
},
{
  "model": "admin.logentry",
  "pk": 15,
  "fields": {
    "action_time": "2025-03-31T13:12:53.121Z",
    "user": [
      "admin"
    ],
    "content_type": [
      "core",
      "userprofile"
    ],
    "object_id": "2",
    "object_repr": "takeuchi",
    "action_flag": 2,
    "change_message": "[{\"changed\": {\"fields\": [\"Blood type\"]}}]"
  }
},
{
  "model": "admin.logentry",
  "pk": 16,
  "fields": {
    "action_time": "2025-03-31T13:12:57.122Z",
    "user": [
      "admin"
    ],
    "content_type": [
      "core",
      "userprofile"
    ],
    "object_id": "3",
    "object_repr": "tanaka",
    "action_flag": 2,
    "change_message": "[{\"changed\": {\"fields\": [\"Blood type\"]}}]"
  }
},
{
  "model": "admin.logentry",
  "pk": 17,
  "fields": {
    "action_time": "2025-03-31T13:13:00.570Z",
    "user": [
      "admin"
    ],
    "content_type": [
      "core",
      "userprofile"
    ],
    "object_id": "4",
    "object_repr": "suzuki",
    "action_flag": 2,
    "change_message": "[{\"changed\": {\"fields\": [\"Blood type\"]}}]"
  }
},
{
  "model": "admin.logentry",
  "pk": 18,
  "fields": {
    "action_time": "2025-03-31T13:28:51.348Z",
    "user": [
      "admin"
    ],
    "content_type": [
      "payments",
      "payment"
    ],
    "object_id": "1",
    "object_repr": "admin - standard_1m (2025-03-31 13:28:47+00:00)",
    "action_flag": 1,
    "change_message": "[{\"added\": {}}]"
  }
},
{
  "model": "admin.logentry",
  "pk": 19,
  "fields": {
    "action_time": "2025-03-31T13:59:50.805Z",
    "user": [
      "admin"
    ],
    "content_type": [
      "core",
      "userprofile"
    ],
    "object_id": "4",
    "object_repr": "suzuki",
    "action_flag": 2,
    "change_message": "[{\"changed\": {\"fields\": [\"Sexual pref\"]}}]"
  }
},
{
  "model": "admin.logentry",
  "pk": 20,
  "fields": {
    "action_time": "2025-03-31T13:59:55.678Z",
    "user": [
      "admin"
    ],
    "content_type": [
      "core",
      "userprofile"
    ],
    "object_id": "3",
    "object_repr": "tanaka",
    "action_flag": 2,
    "change_message": "[{\"changed\": {\"fields\": [\"Sexual pref\"]}}]"
  }
},
{
  "model": "admin.logentry",
  "pk": 21,
  "fields": {
    "action_time": "2025-03-31T14:00:00.293Z",
    "user": [
      "admin"
    ],
    "content_type": [
      "core",
      "userprofile"
    ],
    "object_id": "2",
    "object_repr": "takeuchi",
    "action_flag": 2,
    "change_message": "[{\"changed\": {\"fields\": [\"Sexual pref\"]}}]"
  }
},
{
  "model": "admin.logentry",
  "pk": 22,
  "fields": {
    "action_time": "2025-03-31T14:00:04.654Z",
    "user": [
      "admin"
    ],
    "content_type": [
      "core",
      "userprofile"
    ],
    "object_id": "1",
    "object_repr": "hasegawa",
    "action_flag": 2,
    "change_message": "[{\"changed\": {\"fields\": [\"Sexual pref\"]}}]"
  }
},
{
  "model": "admin.logentry",
  "pk": 23,
  "fields": {
    "action_time": "2025-03-31T14:00:22.182Z",
    "user": [
      "admin"
    ],
    "content_type": [
      "payments",
      "payment"
    ],
    "object_id": "1",
    "object_repr": "admin - plan:standard_1m / option:plus_profile (2025-03-31 13:28:47+00:00)",
    "action_flag": 2,
    "change_message": "[{\"changed\": {\"fields\": [\"Option\"]}}]"
  }
},
{
  "model": "admin.logentry",
  "pk": 24,
  "fields": {
    "action_time": "2025-03-31T14:03:57.638Z",
    "user": [
      "admin"
    ],
    "content_type": [
      "core",
      "userprofile"
    ],
    "object_id": "5",
    "object_repr": "admin",
    "action_flag": 2,
    "change_message": "[{\"changed\": {\"fields\": [\"Blood type\", \"Sexual pref\"]}}]"
  }
},
{
  "model": "admin.logentry",
  "pk": 25,
  "fields": {
    "action_time": "2025-03-31T14:11:50.166Z",
    "user": [
      "admin"
    ],
    "content_type": [
      "payments",
      "payment"
    ],
    "object_id": "1",
    "object_repr": "admin - plan:standard_1m / option:plus_profile (2025-03-31 13:28:47+00:00)",
    "action_flag": 2,
    "change_message": "[]"
  }
},
{
  "model": "admin.logentry",
  "pk": 26,
  "fields": {
    "action_time": "2025-03-31T14:39:03.554Z",
    "user": [
      "admin"
    ],
    "content_type": [
      "payments",
      "payment"
    ],
    "object_id": "1",
    "object_repr": "admin - plan:standard_1m / option:None (2025-03-31 13:28:47+00:00)",
    "action_flag": 2,
    "change_message": "[{\"changed\": {\"fields\": [\"Option\"]}}]"
  }
},
{
  "model": "admin.logentry",
  "pk": 27,
  "fields": {
    "action_time": "2025-03-31T14:39:12.280Z",
    "user": [
      "admin"
    ],
    "content_type": [
      "payments",
      "payment"
    ],
    "object_id": "1",
    "object_repr": "admin - plan:standard_1m / option:None (2025-03-31 13:28:47+00:00)",
    "action_flag": 3,
    "change_message": ""
  }
},
{
  "model": "admin.logentry",
  "pk": 28,
  "fields": {
    "action_time": "2025-03-31T14:39:46.856Z",
    "user": [
      "admin"
    ],
    "content_type": [
      "core",
      "userprofile"
    ],
    "object_id": "5",
    "object_repr": "admin",
    "action_flag": 2,
    "change_message": "[{\"changed\": {\"fields\": [\"Plan expiry\", \"Option expiry\"]}}]"
  }
},
{
  "model": "admin.logentry",
  "pk": 29,
  "fields": {
    "action_time": "2025-03-31T14:46:19.232Z",
    "user": [
      "admin"
    ],
    "content_type": [
      "payments",
      "payment"
    ],
    "object_id": "2",
    "object_repr": "admin - plan:standard_1m / option:plus_profile (2025-03-31 14:46:13+00:00)",
    "action_flag": 1,
    "change_message": "[{\"added\": {}}]"
  }
},
{
  "model": "admin.logentry",
  "pk": 30,
  "fields": {
    "action_time": "2025-03-31T15:14:59.797Z",
    "user": [
      "admin"
    ],
    "content_type": [
      "core",
      "userprofile"
    ],
    "object_id": "1",
    "object_repr": "hasegawa",
    "action_flag": 2,
    "change_message": "[{\"changed\": {\"fields\": [\"Main area\"]}}]"
  }
},
{
  "model": "admin.logentry",
  "pk": 31,
  "fields": {
    "action_time": "2025-03-31T15:48:22.185Z",
    "user": [
      "admin"
    ],
    "content_type": [
      "core",
      "userprofile"
    ],
    "object_id": "5",
    "object_repr": "admin",
    "action_flag": 2,
    "change_message": "[{\"changed\": {\"fields\": [\"Gender\", \"Sexual object pref\"]}}]"
  }
},
{
  "model": "admin.logentry",
  "pk": 32,
  "fields": {
    "action_time": "2025-03-31T15:48:29.311Z",
    "user": [
      "admin"
    ],
    "content_type": [
      "core",
      "userprofile"
    ],
    "object_id": "1",
    "object_repr": "hasegawa",
    "action_flag": 2,
    "change_message": "[{\"changed\": {\"fields\": [\"Gender\"]}}]"
  }
},
{
  "model": "admin.logentry",
  "pk": 33,
  "fields": {
    "action_time": "2025-03-31T15:48:35.514Z",
    "user": [
      "admin"
    ],
    "content_type": [
      "core",
      "userprofile"
    ],
    "object_id": "2",
    "object_repr": "takeuchi",
    "action_flag": 2,
    "change_message": "[{\"changed\": {\"fields\": [\"Gender\"]}}]"
  }
},
{
  "model": "admin.logentry",
  "pk": 34,
  "fields": {
    "action_time": "2025-03-31T15:48:40.408Z",
    "user": [
      "admin"
    ],
    "content_type": [
      "core",
      "userprofile"
    ],
    "object_id": "3",
    "object_repr": "tanaka",
    "action_flag": 2,
    "change_message": "[{\"changed\": {\"fields\": [\"Gender\"]}}]"
  }
},
{
  "model": "admin.logentry",
  "pk": 35,
  "fields": {
    "action_time": "2025-03-31T15:48:45.004Z",
    "user": [
      "admin"
    ],
    "content_type": [
      "core",
      "userprofile"
    ],
    "object_id": "4",
    "object_repr": "suzuki",
    "action_flag": 2,
    "change_message": "[{\"changed\": {\"fields\": [\"Gender\"]}}]"
  }
},
{
  "model": "admin.logentry",
  "pk": 36,
  "fields": {
    "action_time": "2025-03-31T15:49:21.522Z",
    "user": [
      "admin"
    ],
    "content_type": [
      "core",
      "userprofile"
    ],
    "object_id": "3",
    "object_repr": "tanaka",
    "action_flag": 2,
    "change_message": "[{\"changed\": {\"fields\": [\"Gender\"]}}]"
  }
},
{
  "model": "admin.logentry",
  "pk": 37,
  "fields": {
    "action_time": "2025-04-01T01:03:43.279Z",
    "user": [
      "admin"
    ],
    "content_type": [
      "core",
      "userprofile"
    ],
    "object_id": "5",
    "object_repr": "admin",
    "action_flag": 2,
    "change_message": "[{\"changed\": {\"fields\": [\"Plan expiry\"]}}]"
  }
},
{
  "model": "admin.logentry",
  "pk": 38,
  "fields": {
    "action_time": "2025-04-01T01:03:50.475Z",
    "user": [
      "admin"
    ],
    "content_type": [
      "core",
      "userprofile"
    ],
    "object_id": "5",
    "object_repr": "admin",
    "action_flag": 2,
    "change_message": "[{\"changed\": {\"fields\": [\"Plan\"]}}]"
  }
},
{
  "model": "admin.logentry",
  "pk": 39,
  "fields": {
    "action_time": "2025-04-01T01:04:21.768Z",
    "user": [
      "admin"
    ],
    "content_type": [
      "payments",
      "payment"
    ],
    "object_id": "2",
    "object_repr": "admin - plan:standard_3m / option:plus_profile (2025-03-31 14:46:13+00:00)",
    "action_flag": 2,
    "change_message": "[{\"changed\": {\"fields\": [\"Plan\"]}}]"
  }
},
{
  "model": "admin.logentry",
  "pk": 40,
  "fields": {
    "action_time": "2025-04-01T01:11:18.770Z",
    "user": [
      "admin"
    ],
    "content_type": [
      "payments",
      "payment"
    ],
    "object_id": "2",
    "object_repr": "admin - plan:standard_3m / option:plus_profile (2025-03-31 14:46:13+00:00)",
    "action_flag": 3,
    "change_message": ""
  }
},
{
  "model": "admin.logentry",
  "pk": 41,
  "fields": {
    "action_time": "2025-04-01T01:11:56.934Z",
    "user": [
      "admin"
    ],
    "content_type": [
      "core",
      "userprofile"
    ],
    "object_id": "5",
    "object_repr": "admin",
    "action_flag": 2,
    "change_message": "[{\"changed\": {\"fields\": [\"Plan\", \"Plan expiry\", \"Option expiry\"]}}]"
  }
},
{
  "model": "admin.logentry",
  "pk": 42,
  "fields": {
    "action_time": "2025-04-01T03:39:12.659Z",
    "user": [
      "admin"
    ],
    "content_type": [
      "payments",
      "payment"
    ],
    "object_id": "3",
    "object_repr": "admin - plan:standard_1m / option:None (2025-04-01 03:38:46+00:00)",
    "action_flag": 2,
    "change_message": "[]"
  }
},
{
  "model": "admin.logentry",
  "pk": 43,
  "fields": {
    "action_time": "2025-04-01T12:08:45.891Z",
    "user": [
      "admin"
    ],
    "content_type": [
      "payments",
      "planoption"
    ],
    "object_id": "1",
    "object_repr": "[plan] スタンダード1ヶ月プラン",
    "action_flag": 1,
    "change_message": "[{\"added\": {}}]"
  }
},
{
  "model": "admin.logentry",
  "pk": 44,
  "fields": {
    "action_time": "2025-04-01T12:08:59.009Z",
    "user": [
      "admin"
    ],
    "content_type": [
      "payments",
      "planoption"
    ],
    "object_id": "2",
    "object_repr": "[plan] スタンダード3ヶ月プラン",
    "action_flag": 1,
    "change_message": "[{\"added\": {}}]"
  }
},
{
  "model": "admin.logentry",
  "pk": 45,
  "fields": {
    "action_time": "2025-04-01T12:09:22.125Z",
    "user": [
      "admin"
    ],
    "content_type": [
      "payments",
      "planoption"
    ],
    "object_id": "3",
    "object_repr": "[plan] スタンダード6ヶ月プラン",
    "action_flag": 1,
    "change_message": "[{\"added\": {}}]"
  }
},
{
  "model": "admin.logentry",
  "pk": 46,
  "fields": {
    "action_time": "2025-04-01T12:09:39.201Z",
    "user": [
      "admin"
    ],
    "content_type": [
      "payments",
      "planoption"
    ],
    "object_id": "4",
    "object_repr": "[plan] スタンダード12ヶ月プラン",
    "action_flag": 1,
    "change_message": "[{\"added\": {}}]"
  }
},
{
  "model": "admin.logentry",
  "pk": 47,
  "fields": {
    "action_time": "2025-04-01T12:09:45.748Z",
    "user": [
      "admin"
    ],
    "content_type": [
      "payments",
      "planoption"
    ],
    "object_id": "2",
    "object_repr": "[plan] スタンダード3ヶ月プラン",
    "action_flag": 2,
    "change_message": "[{\"changed\": {\"fields\": [\"Base days\"]}}]"
  }
},
{
  "model": "admin.logentry",
  "pk": 48,
  "fields": {
    "action_time": "2025-04-01T12:10:53.925Z",
    "user": [
      "admin"
    ],
    "content_type": [
      "payments",
      "planoption"
    ],
    "object_id": "5",
    "object_repr": "[option] プラスプロフィール",
    "action_flag": 1,
    "change_message": "[{\"added\": {}}]"
  }
},
{
  "model": "admin.logentry",
  "pk": 49,
  "fields": {
    "action_time": "2025-04-01T12:27:54.388Z",
    "user": [
      "admin"
    ],
    "content_type": [
      "core",
      "profilefield"
    ],
    "object_id": "1",
    "object_repr": "年齢 (key=age)",
    "action_flag": 1,
    "change_message": "[{\"added\": {}}]"
  }
},
{
  "model": "admin.logentry",
  "pk": 50,
  "fields": {
    "action_time": "2025-04-01T12:28:09.881Z",
    "user": [
      "admin"
    ],
    "content_type": [
      "core",
      "profilefield"
    ],
    "object_id": "2",
    "object_repr": "居住地 (key=adress)",
    "action_flag": 1,
    "change_message": "[{\"added\": {}}]"
  }
},
{
  "model": "admin.logentry",
  "pk": 51,
  "fields": {
    "action_time": "2025-04-01T12:28:22.238Z",
    "user": [
      "admin"
    ],
    "content_type": [
      "core",
      "profilefield"
    ],
    "object_id": "3",
    "object_repr": "職業 (key=job)",
    "action_flag": 1,
    "change_message": "[{\"added\": {}}]"
  }
},
{
  "model": "admin.logentry",
  "pk": 52,
  "fields": {
    "action_time": "2025-04-01T12:28:58.121Z",
    "user": [
      "admin"
    ],
    "content_type": [
      "core",
      "profilefield"
    ],
    "object_id": "4",
    "object_repr": "学歴 (key=academic)",
    "action_flag": 1,
    "change_message": "[{\"added\": {}}]"
  }
},
{
  "model": "admin.logentry",
  "pk": 53,
  "fields": {
    "action_time": "2025-04-01T12:29:09.600Z",
    "user": [
      "admin"
    ],
    "content_type": [
      "core",
      "profilefield"
    ],
    "object_id": "5",
    "object_repr": "休日の過ごし方 (key=dayoff)",
    "action_flag": 1,
    "change_message": "[{\"added\": {}}]"
  }
},
{
  "model": "admin.logentry",
  "pk": 54,
  "fields": {
    "action_time": "2025-04-01T12:29:34.837Z",
    "user": [
      "admin"
    ],
    "content_type": [
      "core",
      "profilefield"
    ],
    "object_id": "6",
    "object_repr": "趣味 (key=hobby)",
    "action_flag": 1,
    "change_message": "[{\"added\": {}}]"
  }
},
{
  "model": "admin.logentry",
  "pk": 55,
  "fields": {
    "action_time": "2025-04-01T12:31:22.410Z",
    "user": [
      "admin"
    ],
    "content_type": [
      "core",
      "profilefield"
    ],
    "object_id": "7",
    "object_repr": "LCIQ診断ポイント (key=lciqPoint)",
    "action_flag": 1,
    "change_message": "[{\"added\": {}}]"
  }
},
{
  "model": "admin.logentry",
  "pk": 56,
  "fields": {
    "action_time": "2025-04-01T12:54:52.154Z",
    "user": [
      "admin"
    ],
    "content_type": [
      "core",
      "profilefield"
    ],
    "object_id": "6",
    "object_repr": "趣味 (key=hobby)",
    "action_flag": 2,
    "change_message": "[{\"changed\": {\"fields\": [\"Field type\"]}}]"
  }
},
{
  "model": "admin.logentry",
  "pk": 57,
  "fields": {
    "action_time": "2025-04-02T08:05:23.634Z",
    "user": [
      "admin"
    ],
    "content_type": [
      "core",
      "profilefield"
    ],
    "object_id": "8",
    "object_repr": "休日 (key=off)",
    "action_flag": 1,
    "change_message": "[{\"added\": {}}]"
  }
},
{
  "model": "admin.logentry",
  "pk": 58,
  "fields": {
    "action_time": "2025-04-02T08:07:37.452Z",
    "user": [
      "admin"
    ],
    "content_type": [
      "core",
      "profilefield"
    ],
    "object_id": "9",
    "object_repr": "マッチ後は (key=aftermatch)",
    "action_flag": 1,
    "change_message": "[{\"added\": {}}]"
  }
},
{
  "model": "admin.logentry",
  "pk": 59,
  "fields": {
    "action_time": "2025-04-02T09:29:16.927Z",
    "user": [
      "admin"
    ],
    "content_type": [
      "core",
      "profilefieldvalue"
    ],
    "object_id": "8",
    "object_repr": "hasegawa - age = 30代",
    "action_flag": 1,
    "change_message": "[{\"added\": {}}]"
  }
},
{
  "model": "admin.logentry",
  "pk": 60,
  "fields": {
    "action_time": "2025-04-02T09:29:31.227Z",
    "user": [
      "admin"
    ],
    "content_type": [
      "core",
      "profilefieldvalue"
    ],
    "object_id": "9",
    "object_repr": "hasegawa - adress = 関東",
    "action_flag": 1,
    "change_message": "[{\"added\": {}}]"
  }
},
{
  "model": "admin.logentry",
  "pk": 61,
  "fields": {
    "action_time": "2025-04-02T09:30:30.168Z",
    "user": [
      "admin"
    ],
    "content_type": [
      "core",
      "profilefieldvalue"
    ],
    "object_id": "10",
    "object_repr": "hasegawa - job = 会社員",
    "action_flag": 1,
    "change_message": "[{\"added\": {}}]"
  }
},
{
  "model": "admin.logentry",
  "pk": 62,
  "fields": {
    "action_time": "2025-04-02T09:35:19.120Z",
    "user": [
      "admin"
    ],
    "content_type": [
      "core",
      "profilefieldvalue"
    ],
    "object_id": "11",
    "object_repr": "hasegawa - dayoff = 家でゆっくり",
    "action_flag": 1,
    "change_message": "[{\"added\": {}}]"
  }
},
{
  "model": "admin.logentry",
  "pk": 63,
  "fields": {
    "action_time": "2025-04-02T09:35:41.775Z",
    "user": [
      "admin"
    ],
    "content_type": [
      "core",
      "profilefieldvalue"
    ],
    "object_id": "12",
    "object_repr": "hasegawa - academic = 大学卒",
    "action_flag": 1,
    "change_message": "[{\"added\": {}}]"
  }
},
{
  "model": "admin.logentry",
  "pk": 64,
  "fields": {
    "action_time": "2025-04-02T09:36:08.457Z",
    "user": [
      "admin"
    ],
    "content_type": [
      "core",
      "profilefieldvalue"
    ],
    "object_id": "13",
    "object_repr": "hasegawa - aftermatch = すぐに会いたい",
    "action_flag": 1,
    "change_message": "[{\"added\": {}}]"
  }
},
{
  "model": "admin.logentry",
  "pk": 65,
  "fields": {
    "action_time": "2025-04-02T09:36:40.231Z",
    "user": [
      "admin"
    ],
    "content_type": [
      "core",
      "profilefield"
    ],
    "object_id": "9",
    "object_repr": "マッチ後は (key=aftermatch)",
    "action_flag": 2,
    "change_message": "[]"
  }
},
{
  "model": "admin.logentry",
  "pk": 66,
  "fields": {
    "action_time": "2025-04-02T09:37:03.702Z",
    "user": [
      "admin"
    ],
    "content_type": [
      "core",
      "profilefieldvalue"
    ],
    "object_id": "14",
    "object_repr": "hasegawa - off = 土日",
    "action_flag": 1,
    "change_message": "[{\"added\": {}}]"
  }
},
{
  "model": "admin.logentry",
  "pk": 67,
  "fields": {
    "action_time": "2025-04-02T09:37:30.215Z",
    "user": [
      "admin"
    ],
    "content_type": [
      "core",
      "profilefieldvalue"
    ],
    "object_id": "15",
    "object_repr": "hasegawa - lciqPoint = 99",
    "action_flag": 1,
    "change_message": "[{\"added\": {}}]"
  }
},
{
  "model": "admin.logentry",
  "pk": 68,
  "fields": {
    "action_time": "2025-04-02T09:41:06.162Z",
    "user": [
      "admin"
    ],
    "content_type": [
      "core",
      "userprofile"
    ],
    "object_id": "1",
    "object_repr": "hasegawa",
    "action_flag": 2,
    "change_message": "[{\"changed\": {\"fields\": [\"Bio\"]}}]"
  }
},
{
  "model": "admin.logentry",
  "pk": 69,
  "fields": {
    "action_time": "2025-04-02T09:41:49.910Z",
    "user": [
      "admin"
    ],
    "content_type": [
      "core",
      "userprofile"
    ],
    "object_id": "1",
    "object_repr": "hasegawa",
    "action_flag": 2,
    "change_message": "[{\"changed\": {\"fields\": [\"Profile image\"]}}]"
  }
},
{
  "model": "admin.logentry",
  "pk": 70,
  "fields": {
    "action_time": "2025-04-02T09:49:07.149Z",
    "user": [
      "admin"
    ],
    "content_type": [
      "core",
      "match"
    ],
    "object_id": "8",
    "object_repr": "admin -> takeuchi (like)",
    "action_flag": 1,
    "change_message": "[{\"added\": {}}]"
  }
},
{
  "model": "admin.logentry",
  "pk": 71,
  "fields": {
    "action_time": "2025-04-02T09:49:13.493Z",
    "user": [
      "admin"
    ],
    "content_type": [
      "core",
      "match"
    ],
    "object_id": "9",
    "object_repr": "takeuchi -> admin (like)",
    "action_flag": 1,
    "change_message": "[{\"added\": {}}]"
  }
},
{
  "model": "admin.logentry",
  "pk": 72,
  "fields": {
    "action_time": "2025-04-02T09:49:20.708Z",
    "user": [
      "admin"
    ],
    "content_type": [
      "core",
      "match"
    ],
    "object_id": "8",
    "object_repr": "admin -> takeuchi (matched)",
    "action_flag": 2,
    "change_message": "[{\"changed\": {\"fields\": [\"Status\"]}}]"
  }
},
{
  "model": "admin.logentry",
  "pk": 73,
  "fields": {
    "action_time": "2025-04-02T09:49:26.456Z",
    "user": [
      "admin"
    ],
    "content_type": [
      "core",
      "match"
    ],
    "object_id": "9",
    "object_repr": "takeuchi -> admin (matched)",
    "action_flag": 2,
    "change_message": "[{\"changed\": {\"fields\": [\"Status\"]}}]"
  }
},
{
  "model": "admin.logentry",
  "pk": 74,
  "fields": {
    "action_time": "2025-04-02T09:52:16.003Z",
    "user": [
      "admin"
    ],
    "content_type": [
      "core",
      "userprofile"
    ],
    "object_id": "2",
    "object_repr": "takeuchi",
    "action_flag": 2,
    "change_message": "[{\"changed\": {\"fields\": [\"Bio\", \"Profile image\"]}}]"
  }
},
{
  "model": "admin.logentry",
  "pk": 75,
  "fields": {
    "action_time": "2025-04-02T12:39:47.848Z",
    "user": [
      "admin"
    ],
    "content_type": [
      "core",
      "userprofile"
    ],
    "object_id": "5",
    "object_repr": "admin",
    "action_flag": 2,
    "change_message": "[{\"changed\": {\"fields\": [\"Nickname\"]}}]"
  }
},
{
  "model": "admin.logentry",
  "pk": 76,
  "fields": {
    "action_time": "2025-04-02T12:39:59.045Z",
    "user": [
      "admin"
    ],
    "content_type": [
      "core",
      "userprofile"
    ],
    "object_id": "2",
    "object_repr": "takeuchi",
    "action_flag": 2,
    "change_message": "[{\"changed\": {\"fields\": [\"Nickname\"]}}]"
  }
},
{
  "model": "admin.logentry",
  "pk": 77,
  "fields": {
    "action_time": "2025-04-02T12:40:09.011Z",
    "user": [
      "admin"
    ],
    "content_type": [
      "core",
      "userprofile"
    ],
    "object_id": "1",
    "object_repr": "hasegawa",
    "action_flag": 2,
    "change_message": "[{\"changed\": {\"fields\": [\"Nickname\"]}}]"
  }
},
{
  "model": "admin.logentry",
  "pk": 78,
  "fields": {
    "action_time": "2025-04-16T11:11:12.757Z",
    "user": [
      "admin"
    ],
    "content_type": [
      "core",
      "userprofile"
    ],
    "object_id": "2",
    "object_repr": "takeuchi",
    "action_flag": 2,
    "change_message": "[{\"changed\": {\"fields\": [\"Main area\"]}}]"
  }
},
{
  "model": "admin.logentry",
  "pk": 79,
  "fields": {
    "action_time": "2025-04-16T13:33:11.388Z",
    "user": [
      "admin"
    ],
    "content_type": [
      "core",
      "userprofile"
    ],
    "object_id": "2",
    "object_repr": "takeuchi",
    "action_flag": 2,
    "change_message": "[]"
  }
},
{
  "model": "admin.logentry",
  "pk": 80,
  "fields": {
    "action_time": "2025-04-21T02:34:18.277Z",
    "user": [
      "admin"
    ],
    "content_type": [
      "core",
      "footprint"
    ],
    "object_id": "2",
    "object_repr": "suzuki viewed admin at 2025-04-01 01:52:36.879407+00:00",
    "action_flag": 2,
    "change_message": "[]"
  }
},
{
  "model": "admin.logentry",
  "pk": 81,
  "fields": {
    "action_time": "2025-04-21T02:34:25.321Z",
    "user": [
      "admin"
    ],
    "content_type": [
      "core",
      "footprint"
    ],
    "object_id": "3",
    "object_repr": "hasegawa viewed admin at 2025-04-21 02:34:25.319637+00:00",
    "action_flag": 1,
    "change_message": "[{\"added\": {}}]"
  }
},
{
  "model": "admin.logentry",
  "pk": 82,
  "fields": {
    "action_time": "2025-04-21T03:33:51.910Z",
    "user": [
      "admin"
    ],
    "content_type": [
      "core",
      "userprofile"
    ],
    "object_id": "1",
    "object_repr": "hasegawa",
    "action_flag": 2,
    "change_message": "[]"
  }
},
{
  "model": "admin.logentry",
  "pk": 83,
  "fields": {
    "action_time": "2025-04-21T03:36:46.767Z",
    "user": [
      "admin"
    ],
    "content_type": [
      "core",
      "profilefield"
    ],
    "object_id": "10",
    "object_repr": "S？M？ (key=S_M)",
    "action_flag": 1,
    "change_message": "[{\"added\": {}}]"
  }
},
{
  "model": "admin.logentry",
  "pk": 84,
  "fields": {
    "action_time": "2025-04-21T03:38:17.543Z",
    "user": [
      "admin"
    ],
    "content_type": [
      "core",
      "profilefield"
    ],
    "object_id": "10",
    "object_repr": "S？M？ (key=sex_role)",
    "action_flag": 2,
    "change_message": "[{\"changed\": {\"fields\": [\"Field key\"]}}]"
  }
},
{
  "model": "admin.logentry",
  "pk": 85,
  "fields": {
    "action_time": "2025-04-21T03:38:50.796Z",
    "user": [
      "admin"
    ],
    "content_type": [
      "core",
      "profilefield"
    ],
    "object_id": "11",
    "object_repr": "恋愛スタイル (key=love_style)",
    "action_flag": 1,
    "change_message": "[{\"added\": {}}]"
  }
},
{
  "model": "admin.logentry",
  "pk": 86,
  "fields": {
    "action_time": "2025-04-21T03:39:30.720Z",
    "user": [
      "admin"
    ],
    "content_type": [
      "core",
      "profilefield"
    ],
    "object_id": "12",
    "object_repr": "もとめる関係 (key=relation_goal)",
    "action_flag": 1,
    "change_message": "[{\"added\": {}}]"
  }
},
{
  "model": "admin.logentry",
  "pk": 87,
  "fields": {
    "action_time": "2025-04-21T03:39:50.110Z",
    "user": [
      "admin"
    ],
    "content_type": [
      "core",
      "profilefield"
    ],
    "object_id": "13",
    "object_repr": "性的嗜好レベル (key=kink_level)",
    "action_flag": 1,
    "change_message": "[{\"added\": {}}]"
  }
},
{
  "model": "admin.logentry",
  "pk": 88,
  "fields": {
    "action_time": "2025-04-21T04:05:33.784Z",
    "user": [
      "admin"
    ],
    "content_type": [
      "core",
      "profilefieldvalue"
    ],
    "object_id": "16",
    "object_repr": "hasegawa - sex_role = S",
    "action_flag": 1,
    "change_message": "[{\"added\": {}}]"
  }
},
{
  "model": "admin.logentry",
  "pk": 89,
  "fields": {
    "action_time": "2025-04-21T04:05:57.610Z",
    "user": [
      "admin"
    ],
    "content_type": [
      "core",
      "profilefieldvalue"
    ],
    "object_id": "17",
    "object_repr": "hasegawa - love_style = 依存",
    "action_flag": 1,
    "change_message": "[{\"added\": {}}]"
  }
},
{
  "model": "admin.logentry",
  "pk": 90,
  "fields": {
    "action_time": "2025-04-21T04:06:12.390Z",
    "user": [
      "admin"
    ],
    "content_type": [
      "core",
      "profilefieldvalue"
    ],
    "object_id": "18",
    "object_repr": "hasegawa - relation_goal = 友達以上",
    "action_flag": 1,
    "change_message": "[{\"added\": {}}]"
  }
},
{
  "model": "admin.logentry",
  "pk": 91,
  "fields": {
    "action_time": "2025-04-21T04:06:27.239Z",
    "user": [
      "admin"
    ],
    "content_type": [
      "core",
      "profilefieldvalue"
    ],
    "object_id": "19",
    "object_repr": "hasegawa - kink_level = ハード",
    "action_flag": 1,
    "change_message": "[{\"added\": {}}]"
  }
},
{
  "model": "admin.logentry",
  "pk": 92,
  "fields": {
    "action_time": "2025-04-21T04:20:46.454Z",
    "user": [
      "admin"
    ],
    "content_type": [
      "core",
      "userprofile"
    ],
    "object_id": "5",
    "object_repr": "admin",
    "action_flag": 2,
    "change_message": "[]"
  }
},
{
  "model": "admin.logentry",
  "pk": 93,
  "fields": {
    "action_time": "2025-04-21T04:21:18.447Z",
    "user": [
      "admin"
    ],
    "content_type": [
      "core",
      "userprofile"
    ],
    "object_id": "5",
    "object_repr": "admin",
    "action_flag": 2,
    "change_message": "[{\"changed\": {\"fields\": [\"Option expiry\"]}}]"
  }
},
{
  "model": "admin.logentry",
  "pk": 94,
  "fields": {
    "action_time": "2025-04-21T04:21:34.587Z",
    "user": [
      "admin"
    ],
    "content_type": [
      "core",
      "userprofile"
    ],
    "object_id": "5",
    "object_repr": "admin",
    "action_flag": 2,
    "change_message": "[{\"changed\": {\"fields\": [\"Option expiry\"]}}]"
  }
},
{
  "model": "admin.logentry",
  "pk": 95,
  "fields": {
    "action_time": "2025-04-21T04:29:00.659Z",
    "user": [
      "admin"
    ],
    "content_type": [
      "core",
      "profilefield"
    ],
    "object_id": "13",
    "object_repr": "性的嗜好レベル (key=kink_level)",
    "action_flag": 2,
    "change_message": "[{\"changed\": {\"fields\": [\"Category\"]}}]"
  }
},
{
  "model": "admin.logentry",
  "pk": 96,
  "fields": {
    "action_time": "2025-04-21T04:29:06.823Z",
    "user": [
      "admin"
    ],
    "content_type": [
      "core",
      "profilefield"
    ],
    "object_id": "12",
    "object_repr": "もとめる関係 (key=relation_goal)",
    "action_flag": 2,
    "change_message": "[{\"changed\": {\"fields\": [\"Category\"]}}]"
  }
},
{
  "model": "admin.logentry",
  "pk": 97,
  "fields": {
    "action_time": "2025-04-21T04:29:10.202Z",
    "user": [
      "admin"
    ],
    "content_type": [
      "core",
      "profilefield"
    ],
    "object_id": "11",
    "object_repr": "恋愛スタイル (key=love_style)",
    "action_flag": 2,
    "change_message": "[{\"changed\": {\"fields\": [\"Category\"]}}]"
  }
},
{
  "model": "admin.logentry",
  "pk": 98,
  "fields": {
    "action_time": "2025-04-21T04:29:13.935Z",
    "user": [
      "admin"
    ],
    "content_type": [
      "core",
      "profilefield"
    ],
    "object_id": "10",
    "object_repr": "S？M？ (key=sex_role)",
    "action_flag": 2,
    "change_message": "[{\"changed\": {\"fields\": [\"Category\"]}}]"
  }
},
{
  "model": "admin.logentry",
  "pk": 99,
  "fields": {
    "action_time": "2025-04-21T04:32:58.677Z",
    "user": [
      "admin"
    ],
    "content_type": [
      "core",
      "userprofile"
    ],
    "object_id": "5",
    "object_repr": "admin",
    "action_flag": 2,
    "change_message": "[{\"changed\": {\"fields\": [\"Option expiry\"]}}]"
  }
},
{
  "model": "admin.logentry",
  "pk": 100,
  "fields": {
    "action_time": "2025-04-21T04:33:28.854Z",
    "user": [
      "admin"
    ],
    "content_type": [
      "core",
      "userprofile"
    ],
    "object_id": "5",
    "object_repr": "admin",
    "action_flag": 2,
    "change_message": "[{\"changed\": {\"fields\": [\"Option expiry\"]}}]"
  }
},
{
  "model": "admin.logentry",
  "pk": 101,
  "fields": {
    "action_time": "2025-04-21T04:39:36.502Z",
    "user": [
      "admin"
    ],
    "content_type": [
      "core",
      "match"
    ],
    "object_id": "10",
    "object_repr": "admin -> suzuki (like)",
    "action_flag": 1,
    "change_message": "[{\"added\": {}}]"
  }
},
{
  "model": "admin.logentry",
  "pk": 102,
  "fields": {
    "action_time": "2025-04-21T04:41:23.951Z",
    "user": [
      "admin"
    ],
    "content_type": [
      "auth",
      "user"
    ],
    "object_id": "5",
    "object_repr": "miyazaki",
    "action_flag": 2,
    "change_message": "[{\"changed\": {\"fields\": [\"Username\"]}}]"
  }
},
{
  "model": "admin.logentry",
  "pk": 103,
  "fields": {
    "action_time": "2025-04-21T04:42:04.214Z",
    "user": [
      "admin"
    ],
    "content_type": [
      "core",
      "userprofile"
    ],
    "object_id": "4",
    "object_repr": "miyazaki",
    "action_flag": 2,
    "change_message": "[{\"changed\": {\"fields\": [\"Profile image\", \"Nickname\"]}}]"
  }
},
{
  "model": "admin.logentry",
  "pk": 104,
  "fields": {
    "action_time": "2025-04-21T04:42:18.644Z",
    "user": [
      "admin"
    ],
    "content_type": [
      "core",
      "userprofile"
    ],
    "object_id": "4",
    "object_repr": "miyazaki",
    "action_flag": 2,
    "change_message": "[{\"changed\": {\"fields\": [\"Gender\", \"Sexual object pref\"]}}]"
  }
},
{
  "model": "admin.logentry",
  "pk": 105,
  "fields": {
    "action_time": "2025-04-21T05:01:08.451Z",
    "user": [
      "admin"
    ],
    "content_type": [
      "core",
      "match"
    ],
    "object_id": "11",
    "object_repr": "miyazaki -> admin (like)",
    "action_flag": 1,
    "change_message": "[{\"added\": {}}]"
  }
},
{
  "model": "admin.logentry",
  "pk": 106,
  "fields": {
    "action_time": "2025-04-21T05:01:28.573Z",
    "user": [
      "admin"
    ],
    "content_type": [
      "core",
      "match"
    ],
    "object_id": "10",
    "object_repr": "admin -> tanaka (like)",
    "action_flag": 2,
    "change_message": "[{\"changed\": {\"fields\": [\"To user\"]}}]"
  }
},
{
  "model": "admin.logentry",
  "pk": 107,
  "fields": {
    "action_time": "2025-04-21T05:02:10.878Z",
    "user": [
      "admin"
    ],
    "content_type": [
      "core",
      "userprofile"
    ],
    "object_id": "3",
    "object_repr": "tanaka",
    "action_flag": 2,
    "change_message": "[{\"changed\": {\"fields\": [\"Nickname\", \"Sexual object pref\"]}}]"
  }
},
{
  "model": "admin.logentry",
  "pk": 108,
  "fields": {
    "action_time": "2025-04-25T04:09:51.496Z",
    "user": [
      "admin"
    ],
    "content_type": [
      "auth",
      "user"
    ],
    "object_id": "6",
    "object_repr": "sample-hogenosuke",
    "action_flag": 1,
    "change_message": "[{\"added\": {}}]"
  }
},
{
  "model": "admin.logentry",
  "pk": 109,
  "fields": {
    "action_time": "2025-04-25T04:10:00.277Z",
    "user": [
      "admin"
    ],
    "content_type": [
      "auth",
      "user"
    ],
    "object_id": "6",
    "object_repr": "sample-hogenosuke",
    "action_flag": 2,
    "change_message": "[{\"changed\": {\"fields\": [\"First name\", \"Last name\"]}}]"
  }
},
{
  "model": "admin.logentry",
  "pk": 110,
  "fields": {
    "action_time": "2025-04-25T04:10:22.803Z",
    "user": [
      "admin"
    ],
    "content_type": [
      "core",
      "userprofile"
    ],
    "object_id": "6",
    "object_repr": "sample-hogenosuke",
    "action_flag": 2,
    "change_message": "[{\"changed\": {\"fields\": [\"Nickname\"]}}]"
  }
},
{
  "model": "admin.logentry",
  "pk": 111,
  "fields": {
    "action_time": "2025-04-25T04:10:47.226Z",
    "user": [
      "admin"
    ],
    "content_type": [
      "core",
      "userprofile"
    ],
    "object_id": "6",
    "object_repr": "sample-hogenosuke",
    "action_flag": 2,
    "change_message": "[{\"changed\": {\"fields\": [\"Gender\"]}}]"
  }
},
{
  "model": "admin.logentry",
  "pk": 112,
  "fields": {
    "action_time": "2025-04-25T04:11:02.370Z",
    "user": [
      "admin"
    ],
    "content_type": [
      "core",
      "match"
    ],
    "object_id": "12",
    "object_repr": "sample-hogenosuke -> admin (matched)",
    "action_flag": 1,
    "change_message": "[{\"added\": {}}]"
  }
},
{
  "model": "admin.logentry",
  "pk": 113,
  "fields": {
    "action_time": "2025-04-25T04:12:19.535Z",
    "user": [
      "admin"
    ],
    "content_type": [
      "auth",
      "user"
    ],
    "object_id": "6",
    "object_repr": "sample-hogenosuke",
    "action_flag": 2,
    "change_message": "[{\"changed\": {\"fields\": [\"password\"]}}]"
  }
},
{
  "model": "admin.logentry",
  "pk": 114,
  "fields": {
    "action_time": "2025-05-15T00:49:57.570Z",
    "user": [
      "admin"
    ],
    "content_type": [
      "core",
      "userprofile"
    ],
    "object_id": "4",
    "object_repr": "miyazaki",
    "action_flag": 2,
    "change_message": "[{\"changed\": {\"fields\": [\"Bio\", \"Lciq\", \"Date of birth\"]}}]"
  }
},
{
  "model": "admin.logentry",
  "pk": 115,
  "fields": {
    "action_time": "2025-05-15T00:50:16.534Z",
    "user": [
      "admin"
    ],
    "content_type": [
      "core",
      "userprofile"
    ],
    "object_id": "4",
    "object_repr": "miyazaki",
    "action_flag": 2,
    "change_message": "[{\"changed\": {\"fields\": [\"Main area\"]}}]"
  }
},
{
  "model": "admin.logentry",
  "pk": 116,
  "fields": {
    "action_time": "2025-05-15T00:52:14.640Z",
    "user": [
      "admin"
    ],
    "content_type": [
      "core",
      "profilefieldvalue"
    ],
    "object_id": "20",
    "object_repr": "miyazaki - age = 22",
    "action_flag": 1,
    "change_message": "[{\"added\": {}}]"
  }
},
{
  "model": "admin.logentry",
  "pk": 117,
  "fields": {
    "action_time": "2025-05-15T01:34:59.867Z",
    "user": [
      "admin"
    ],
    "content_type": [
      "core",
      "profilefieldvalue"
    ],
    "object_id": "21",
    "object_repr": "miyazaki - adress = 大泉学園",
    "action_flag": 1,
    "change_message": "[{\"added\": {}}]"
  }
},
{
  "model": "admin.logentry",
  "pk": 118,
  "fields": {
    "action_time": "2025-05-15T01:35:13.050Z",
    "user": [
      "admin"
    ],
    "content_type": [
      "core",
      "profilefieldvalue"
    ],
    "object_id": "22",
    "object_repr": "miyazaki - job = モデル",
    "action_flag": 1,
    "change_message": "[{\"added\": {}}]"
  }
},
{
  "model": "admin.logentry",
  "pk": 119,
  "fields": {
    "action_time": "2025-05-15T01:35:23.939Z",
    "user": [
      "admin"
    ],
    "content_type": [
      "core",
      "profilefieldvalue"
    ],
    "object_id": "23",
    "object_repr": "miyazaki - academic = 大卒",
    "action_flag": 1,
    "change_message": "[{\"added\": {}}]"
  }
},
{
  "model": "admin.logentry",
  "pk": 120,
  "fields": {
    "action_time": "2025-05-15T01:35:43.318Z",
    "user": [
      "admin"
    ],
    "content_type": [
      "core",
      "profilefieldvalue"
    ],
    "object_id": "24",
    "object_repr": "miyazaki - sex_role = S",
    "action_flag": 1,
    "change_message": "[{\"added\": {}}]"
  }
},
{
  "model": "admin.logentry",
  "pk": 121,
  "fields": {
    "action_time": "2025-05-15T02:47:04.111Z",
    "user": [
      "admin"
    ],
    "content_type": [
      "core",
      "profilefieldvalue"
    ],
    "object_id": "20",
    "object_repr": "miyazaki - age = 20台",
    "action_flag": 2,
    "change_message": "[{\"changed\": {\"fields\": [\"Value\"]}}]"
  }
},
{
  "model": "admin.logentry",
  "pk": 122,
  "fields": {
    "action_time": "2025-05-15T02:47:35.410Z",
    "user": [
      "admin"
    ],
    "content_type": [
      "core",
      "profilefieldvalue"
    ],
    "object_id": "20",
    "object_repr": "miyazaki - age = 20代",
    "action_flag": 2,
    "change_message": "[{\"changed\": {\"fields\": [\"Value\"]}}]"
  }
},
{
  "model": "admin.logentry",
  "pk": 123,
  "fields": {
    "action_time": "2025-05-17T09:27:55.240Z",
    "user": [
      "admin"
    ],
    "content_type": [
      "core",
      "userprofile"
    ],
    "object_id": "1",
    "object_repr": "hasegawa",
    "action_flag": 2,
    "change_message": "[{\"changed\": {\"fields\": [\"Main area\"]}}]"
  }
},
{
  "model": "admin.logentry",
  "pk": 124,
  "fields": {
    "action_time": "2025-05-17T12:57:31.551Z",
    "user": [
      "admin"
    ],
    "content_type": [
      "core",
      "profilefield"
    ],
    "object_id": "7",
    "object_repr": "LCIQ診断ポイント (key=lciqPoint)",
    "action_flag": 3,
    "change_message": ""
  }
},
{
  "model": "admin.logentry",
  "pk": 125,
  "fields": {
    "action_time": "2025-05-17T13:10:07.999Z",
    "user": [
      "admin"
    ],
    "content_type": [
      "core",
      "userprofile"
    ],
    "object_id": "5",
    "object_repr": "admin",
    "action_flag": 2,
    "change_message": "[{\"changed\": {\"fields\": [\"Bio\"]}}]"
  }
}
]
